file_name,alloy,card,Al,Si,Fe,Cu,Mn,Mg,Cr,Ni,Zn,Ti,Zr,Sc,Other,YS (MPa),UTS (MPa),Uniform EL (percentage),Fracture EL (percentage),YPE (percentage),Casting,Ingot thickness,Homogenization (Celsius/Minutes),Hot rolling reduction (percentage),Cold rolling reduction (percentage),Recrystallization annealing (Celsius/Minutes),Mean grain size (µm),Secondary phase particle size and density,Crystallographic texture,,,,,,
AA5xxx Card - 001A.docx,AA5xxx,001A,1.00E-08,0.06,0.19,1.00E-08,0.26,3.08,1.00E-08,1.00E-08,1.00E-08,0.005,1.00E-08,1.00E-08,1.00E-08,110,225,,20,1.2,DC,635,540°C > 5 hours,99.6,55,"Batch annealing, 350°C 2 hours",14.4,N/A,3.69,,,,,,
AA5xxx Card - 001B.docx,AA5xxx,001B,1.00E-08,0.06,0.19,1.00E-08,0.26,3.08,1.00E-08,1.00E-08,1.00E-08,0.005,1.00E-08,1.00E-08,1.00E-08,110,235,,20,1.1,DC,635,540°C > 5 hours,99.6,55,"Batch annealing, 350°C 2 hours",12.1,N/A,0.83,,,,,,
AA5xxx Card - 001C.docx,AA5xxx,001C,1.00E-08,0.06,0.19,1.00E-08,0.26,3.08,1.00E-08,1.00E-08,1.00E-08,0.005,1.00E-08,1.00E-08,1.00E-08,105,230,,20,1.4,DC,635,540°C > 5 hours,99.6,55,"Batch annealing, 350°C 2 hours",14.4,N/A,4.98,,,,,,
AA5xxx Card - 001D.docx,AA5xxx,001D,1.00E-08,0.06,0.19,1.00E-08,0.26,3.08,1.00E-08,1.00E-08,1.00E-08,0.005,1.00E-08,1.00E-08,1.00E-08,100,224,,19.5,1.2,DC,635,540°C > 5 hours,99.6,55,"Batch annealing, 350°C 2 hours",12.9,N/A,4.39,,,,,,
AA5xxx Card - 001E.docx,AA5xxx,001E,1.00E-08,0.06,0.19,1.00E-08,0.26,3.08,1.00E-08,1.00E-08,1.00E-08,0.005,1.00E-08,1.00E-08,1.00E-08,95,220,,20.5,0.9,DC,635,540°C > 5 hours,99.6,55,"Batch annealing, 350°C 2 hours",18.7,N/A,4.72,,,,,, 
AA5xxx Card - 001F.docx,AA5xxx,001F,1.00E-08,0.06,0.19,1.00E-08,0.26,3.08,1.00E-08,1.00E-08,1.00E-08,0.005,1.00E-08,1.00E-08,1.00E-08,102,226,,20.5,1,DC,635,540°C > 5 hours,99.6,55,"Batch annealing, 350°C 2 hours",12.3,N/A,3.81,,,,,,
AA5xxx Card - 001G.docx,AA5xxx,001G,1.00E-08,0.06,0.19,1.00E-08,0.26,3.08,1.00E-08,1.00E-08,1.00E-08,0.005,1.00E-08,1.00E-08,1.00E-08,95,220,,20,0.9,DC,635,540°C > 5 hours,99.6,55,"Batch annealing, 350°C 2 hours",16.3,N/A,3.39,,,,,,
AA5xxx Card - 002A.docx,AA5xxx,002A,1.00E-08,0.06,0.19,1.00E-08,0.26,3.08,1.00E-08,1.00E-08,1.00E-08,0.005,1.00E-08,1.00E-08,1.00E-08,225.5,276.4,9.3,9.3,0,DC,635,540°C > 5 hours,99.6,86,"Flash annealing, 250°C 1 hour",2,N/A,N/A,,,,,,
AA5xxx Card - 002B.docx,AA5xxx,002B,1.00E-08,0.06,0.19,1.00E-08,0.26,3.08,1.00E-08,1.00E-08,1.00E-08,0.005,1.00E-08,1.00E-08,1.00E-08,121.6,231,15.1,17.3,1,DC,635,540°C > 5 hours,99.6,86,"Flash annealing, 275°C 1 hour",6.5,N/A,N/A,,,,,,
AA5xxx Card - 002C.docx,AA5xxx,002C,1.00E-08,0.06,0.19,1.00E-08,0.26,3.08,1.00E-08,1.00E-08,1.00E-08,0.005,1.00E-08,1.00E-08,1.00E-08,117.7,227.7,17.2,18.8,2,DC,635,540°C > 5 hours,99.6,86,"Flash annealing, 300°C 1 hour",7.3,N/A,N/A,,,,,,
AA5xxx Card - 002D.docx,AA5xxx,002D,1.00E-08,0.06,0.19,1.00E-08,0.26,3.08,1.00E-08,1.00E-08,1.00E-08,0.005,1.00E-08,1.00E-08,1.00E-08,115.8,229.5,21,22.8,2,DC,635,540°C > 5 hours,99.6,86,"Flash annealing, 350°C 1 hour",8.2,N/A,N/A,,,,,,
AA5xxx Card - 002E.docx,AA5xxx,002E,1.00E-08,0.06,0.19,1.00E-08,0.26,3.08,1.00E-08,1.00E-08,1.00E-08,0.005,1.00E-08,1.00E-08,1.00E-08,219.4,264.9,14.2,14.3,0,DC,635,540°C > 5 hours,99.6,96,"Flash annealing, 250°C 1 hour",2,N/A,N/A,,,,,,
AA5xxx Card - 002F.docx,AA5xxx,002F,1.00E-08,0.06,0.19,1.00E-08,0.26,3.08,1.00E-08,1.00E-08,1.00E-08,0.005,1.00E-08,1.00E-08,1.00E-08,119.7,224.8,17.3,18.3,2,DC,635,540°C > 5 hours,99.6,96,"Flash annealing, 300°C 1 hour",7.2,N/A,N/A,,,,,,
AA5xxx Card - 002G.docx,AA5xxx,002G,1.00E-08,0.06,0.19,1.00E-08,0.26,3.08,1.00E-08,1.00E-08,1.00E-08,0.005,1.00E-08,1.00E-08,1.00E-08,114.5,224.7,21.1,21.1,2,DC,635,540°C > 5 hours,99.6,96,"Flash annealing, 350°C 1 hour",7.8,N/A,N/A,,,,,,
AA5xxx Card - 003A.docx,AA5xxx,003A,1.00E-08,0.06,0.19,1.00E-08,0.26,3.08,1.00E-08,1.00E-08,1.00E-08,0.005,1.00E-08,1.00E-08,1.00E-08,96.18,222.72,24.17,27.52,0.5,DC,635,540°C > 5 hours,99.2,50,"Batch annealing, 350°C 2 hours",27.4,N/A,5,,,,,,
AA5xxx Card - 003B.docx,AA5xxx,003B,1.00E-08,0.06,0.19,1.00E-08,0.26,3.08,1.00E-08,1.00E-08,1.00E-08,0.005,1.00E-08,1.00E-08,1.00E-08,88.57,220.73,19.16,23.13,0.8,DC,635,540°C > 5 hours,99.2,0,"direct hot rolled to gauge, exit temperature ~ 340°C.",26.6,N/A,17,,,,,,
AA5xxx Card - 003C.docx,AA5xxx,003C,1.00E-08,0.06,0.19,1.00E-08,0.26,3.08,1.00E-08,1.00E-08,1.00E-08,0.005,1.00E-08,1.00E-08,1.00E-08,98.8,223.8,20.4,24.2,1,DC,635,540°C > 5 hours,99.2,47,"Batch annealing, 350°C 2 hours",17.3,N/A,3.7,,,,,,
AA5xxx Card - 003D.docx,AA5xxx,003D,1.00E-08,0.06,0.19,1.00E-08,0.26,3.08,1.00E-08,1.00E-08,1.00E-08,0.005,1.00E-08,1.00E-08,1.00E-08,101.45,220.67,20,23,1.5,DC,635,540°C > 5 hours,99.2,54,"Batch annealing, 350°C 2 hours",19.2,N/A,3.8,,,,,,
AA5xxx Card - 004A.docx,AA5xxx,004A,1.00E-08,0.1,0.2,1.00E-08,0.7,4.4,0.15,1.00E-08,1.00E-08,0.005,1.00E-08,1.00E-08,1.00E-08,165,311.1,,20.5,,DC,635,525°C > 5 hours,99.4,75,400°C 1 hour,4.9,N/A,,,,,,,
AA5xxx Card - 004B.docx,AA5xxx,004B,1.00E-08,0.1,0.2,1.00E-08,0.7,4.4,0.15,1.00E-08,1.00E-08,0.005,1.00E-08,1.00E-08,1.00E-08,159.6,306.5,,22.9,,DC,635,525°C > 5 hours,99.4,75,450°C 1 hour,5.4,N/A,,,,,,,
AA5xxx Card - 004C.docx,AA5xxx,004C,1.00E-08,0.1,0.2,1.00E-08,0.7,4.4,0.15,1.00E-08,1.00E-08,0.005,1.00E-08,1.00E-08,1.00E-08,153.1,306.6,,24.6,,DC,635,525°C > 5 hours,99.4,75,500°C 1 hour,6.5,N/A,,,,,,,
AA5xxx Card - 004D.docx,AA5xxx,004D,1.00E-08,0.1,0.2,1.00E-08,0.7,4.4,0.15,1.00E-08,1.00E-08,0.005,1.00E-08,1.00E-08,1.00E-08,131.8,286.3,,23.5,,DC,635,525°C > 5 hours,99.4,75,550°C 1 hour,11.1,N/A,,,,,,,
AA5xxx Card - 005A.docx,AA5xxx,005A,1.00E-08,0.1,0.2,1.00E-08,0.1,2,1.00E-08,1.00E-08,1.00E-08,0.005,1.00E-08,1.00E-08,1.00E-08,70,160,,18,1.5,DC,635,525°C > 5 hours,99.4,75,"batch annealing, 350°C 2 hours",50,N/A,,,,,,,
AA5xxx Card - 005B.docx,AA5xxx,005B,1.00E-08,0.1,0.2,1.00E-08,0.1,3,1.00E-08,1.00E-08,1.00E-08,0.005,1.00E-08,1.00E-08,1.00E-08,90,195,,21,2,DC,635,525°C > 5 hours,99,75,"batch annealing, 350°C 2 hours",20.8,N/A,,,,,,,
AA5xxx Card - 005C.docx,AA5xxx,005C,1.00E-08,0.1,0.2,1.00E-08,0.1,4,1.00E-08,1.00E-08,1.00E-08,0.005,1.00E-08,1.00E-08,1.00E-08,110,230,,22.5,2.5,DC,635,525°C > 5 hours,99,75,"batch annealing, 350°C 2 hours",10.5,N/A,,,,,,,
AA5xxx Card - 005D.docx,AA5xxx,005D,1.00E-08,0.1,0.2,1.00E-08,0.1,5,1.00E-08,1.00E-08,1.00E-08,0.005,1.00E-08,1.00E-08,1.00E-08,130,270,,24,2,DC,635,525°C > 5 hours,99,75,"batch annealing, 350°C 2 hours",17,N/A,,,,,,,
AA5xxx Card - 005E.docx,AA5xxx,005E,1.00E-08,0.1,0.2,1.00E-08,0.1,6,1.00E-08,1.00E-08,1.00E-08,0.005,1.00E-08,1.00E-08,1.00E-08,135,280,,26,2,DC,635,525°C > 5 hours,99,75,"batch annealing, 350°C 2 hours",22,N/A,,,,,,,
AA5xxx Card - 006A.docx,AA5xxx,006A,1.00E-08,0.06,0.19,1.00E-08,0.26,3.08,1.00E-08,1.00E-08,1.00E-08,0.005,1.00E-08,1.00E-08,1.00E-08,75,215,,26,0,DC,635,540°C > 5 hours,99.6,20,"Batch annealing, 350°C 2 hours",37.5,N/A,,,,,,,
AA5xxx Card - 006B.docx,AA5xxx,006B,1.00E-08,0.06,0.19,1.00E-08,0.26,3.08,1.00E-08,1.00E-08,1.00E-08,0.005,1.00E-08,1.00E-08,1.00E-08,78,215,,25,0,DC,635,540°C > 5 hours,99.6,26,"Batch annealing, 350°C 2 hours",36.5,N/A,,,,,,,
AA5xxx Card - 006C.docx,AA5xxx,006C,1.00E-08,0.06,0.19,1.00E-08,0.26,3.08,1.00E-08,1.00E-08,1.00E-08,0.005,1.00E-08,1.00E-08,1.00E-08,80,215,,24,0.3,DC,635,540°C > 5 hours,99.6,38,"Batch annealing, 350°C 2 hours",32,N/A,,,,,,,
AA5xxx Card - 006D.docx,AA5xxx,006D,1.00E-08,0.06,0.19,1.00E-08,0.26,3.08,1.00E-08,1.00E-08,1.00E-08,0.005,1.00E-08,1.00E-08,1.00E-08,84,216,,23,0.6,DC,635,540°C > 5 hours,99.6,43,"Batch annealing, 350°C 2 hours",26,N/A,,,,,,,
AA5xxx Card - 006E.docx,AA5xxx,006E,1.00E-08,0.06,0.19,1.00E-08,0.26,3.08,1.00E-08,1.00E-08,1.00E-08,0.005,1.00E-08,1.00E-08,1.00E-08,86.5,217.5,,21.8,0.7,DC,635,540°C > 5 hours,99.6,54,"Batch annealing, 350°C 2 hours",22.5,N/A,,,,,,,
AA5xxx Card - 006F.docx,AA5xxx,006F,1.00E-08,0.06,0.19,1.00E-08,0.26,3.08,1.00E-08,1.00E-08,1.00E-08,0.005,1.00E-08,1.00E-08,1.00E-08,93,218,,21,1,DC,635,540°C > 5 hours,99.6,71,"Batch annealing, 350°C 2 hours",18,N/A,,,,,,,
AA5xxx Card - 007A.docx,AA5xxx,007A,1.00E-08,0.06,0.19,1.00E-08,0.26,3.08,1.00E-08,1.00E-08,1.00E-08,0.005,1.00E-08,1.00E-08,1.00E-08,74,214,,25,0,DC,635,540°C > 5 hours,99.6,18,"Batch annealing, 340°C 2 hours",39.1,N/A,,,,,,,
AA5xxx Card - 007B.docx,AA5xxx,007B,1.00E-08,0.06,0.19,1.00E-08,0.26,3.08,1.00E-08,1.00E-08,1.00E-08,0.005,1.00E-08,1.00E-08,1.00E-08,80,218,,25,0.1,DC,635,540°C > 5 hours,99.6,26,"Batch annealing, 340°C 2 hours",36.7,N/A,,,,,,,
AA5xxx Card - 007C.docx,AA5xxx,007C,1.00E-08,0.06,0.19,1.00E-08,0.26,3.08,1.00E-08,1.00E-08,1.00E-08,0.005,1.00E-08,1.00E-08,1.00E-08,78,210,,22,0.3,DC,635,540°C > 5 hours,99.6,40,"Batch annealing, 340°C 2 hours",28.3,N/A,,,,,,,
AA5xxx Card - 007D.docx,AA5xxx,007D,1.00E-08,0.06,0.19,1.00E-08,0.26,3.08,1.00E-08,1.00E-08,1.00E-08,0.005,1.00E-08,1.00E-08,1.00E-08,82,212,,22.3,0.6,DC,635,540°C > 5 hours,99.6,42,"Batch annealing, 340°C 2 hours",25.5,N/A,,,,,,,
AA5xxx Card - 007E.docx,AA5xxx,007E,1.00E-08,0.06,0.19,1.00E-08,0.26,3.08,1.00E-08,1.00E-08,1.00E-08,0.005,1.00E-08,1.00E-08,1.00E-08,92,220,,21.5,0.8,DC,635,540°C > 5 hours,99.6,60,"Batch annealing, 340°C 2 hours",20.7,N/A,,,,,,,
AA5xxx Card - 008A.docx,AA5xxx,008A,1.00E-08,0.08,0.22,0.04,0.33,4.55,1.00E-08,1.00E-08,1.00E-08,0.005,1.00E-08,1.00E-08,1.00E-08,118,263,,25,0.8,DC,635,540°C > 5 hours,99.6,30,"Batch annealing, 340°C 2 hours",21.6,N/A,,,,,,,
AA5xxx Card - 008B.docx,AA5xxx,008B,1.00E-08,0.08,0.22,0.04,0.33,4.55,1.00E-08,1.00E-08,1.00E-08,0.005,1.00E-08,1.00E-08,1.00E-08,126,271,,23.5,0.8,DC,635,540°C > 5 hours,99.6,32,"Batch annealing, 340°C 2 hours",21,N/A,,,,,,,
AA5xxx Card - 008C.docx,AA5xxx,008C,1.00E-08,0.08,0.22,0.04,0.33,4.55,1.00E-08,1.00E-08,1.00E-08,0.005,1.00E-08,1.00E-08,1.00E-08,117.5,262,,24,0.8,DC,635,540°C > 5 hours,99.6,35,"Batch annealing, 340°C 2 hours",18.4,N/A,,,,,,,
AA5xxx Card - 008D.docx,AA5xxx,008D,1.00E-08,0.08,0.22,0.04,0.33,4.55,1.00E-08,1.00E-08,1.00E-08,0.005,1.00E-08,1.00E-08,1.00E-08,132,276,,24,0.8,DC,635,540°C > 5 hours,99.6,35,"Batch annealing, 340°C 2 hours",17.1,N/A,,,,,,,
AA5xxx Card - 008E.docx,AA5xxx,008E,1.00E-08,0.08,0.22,0.04,0.33,4.55,1.00E-08,1.00E-08,1.00E-08,0.005,1.00E-08,1.00E-08,1.00E-08,134.5,285,,24,1.2,DC,635,540°C > 5 hours,99.6,50,"Batch annealing, 340°C 2 hours",14.6,N/A,,,,,,,
AA5xxx Card - 008F.docx,AA5xxx,008F,1.00E-08,0.08,0.22,0.04,0.33,4.55,1.00E-08,1.00E-08,1.00E-08,0.005,1.00E-08,1.00E-08,1.00E-08,135,280,,24,1.5,DC,635,540°C > 5 hours,99.6,60,"Batch annealing, 340°C 2 hours",13.5,N/A,,,,,,,
AA5xxx Card - 008G.docx,AA5xxx,008G,1.00E-08,0.08,0.22,0.04,0.33,4.55,1.00E-08,1.00E-08,1.00E-08,0.005,1.00E-08,1.00E-08,1.00E-08,145,290,,23,1.5,DC,635,540°C > 5 hours,99.6,65,"Batch annealing, 340°C 2 hours",12.9,N/A,,,,,,,
AA5xxx Card - 008H.docx,AA5xxx,008H,1.00E-08,0.08,0.22,0.04,0.33,4.55,1.00E-08,1.00E-08,1.00E-08,0.005,1.00E-08,1.00E-08,1.00E-08,142,290,,23.8,1.5,DC,635,540°C > 5 hours,99.6,68,"Batch annealing, 340°C 2 hours",12.4,N/A,,,,,,,
AA5xxx Card - 008I.docx,AA5xxx,008I,1.00E-08,0.08,0.22,0.04,0.33,4.55,1.00E-08,1.00E-08,1.00E-08,0.005,1.00E-08,1.00E-08,1.00E-08,144,298,,23.8,1.5,DC,635,540°C > 5 hours,99.6,70,"Batch annealing, 340°C 2 hours",11.9,N/A,,,,,,,
AA5xxx Card - 008J.docx,AA5xxx,008J,1.00E-08,0.08,0.22,0.04,0.33,4.55,1.00E-08,1.00E-08,1.00E-08,0.005,1.00E-08,1.00E-08,1.00E-08,150,295,,22,2,DC,635,540°C > 5 hours,99.6,65,"Batch annealing, 340°C 2 hours",11.1,N/A,,,,,,,
AA5xxx Card - 008K.docx,AA5xxx,008K,1.00E-08,0.08,0.22,0.04,0.33,4.55,1.00E-08,1.00E-08,1.00E-08,0.005,1.00E-08,1.00E-08,1.00E-08,152,196,,21.8,1.5,DC,635,540°C > 5 hours,99.6,65,"Batch annealing, 340°C 2 hours",10.4,N/A,,,,,,,
AA5xxx Card - 008L.docx,AA5xxx,008L,1.00E-08,0.08,0.22,0.04,0.33,4.55,1.00E-08,1.00E-08,1.00E-08,0.005,1.00E-08,1.00E-08,1.00E-08,150,198,,21.8,1.5,DC,635,540°C > 5 hours,99.6,67,"Batch annealing, 340°C 2 hours",9.8,N/A,,,,,,,
AA5xxx Card - 008M.docx,AA5xxx,008M,1.00E-08,0.08,0.22,0.04,0.33,4.55,1.00E-08,1.00E-08,1.00E-08,0.005,1.00E-08,1.00E-08,1.00E-08,155,300,,21.5,1.5,DC,635,540°C > 5 hours,99.6,64,"Batch annealing, 340°C 2 hours",9.87,N/A,,,,,,,
AA5xxx Card - 008N.docx,AA5xxx,008N,1.00E-08,0.08,0.22,0.04,0.33,4.55,1.00E-08,1.00E-08,1.00E-08,0.005,1.00E-08,1.00E-08,1.00E-08,155,202,,22,1.8,DC,635,540°C > 5 hours,99.6,70,"Batch annealing, 340°C 2 hours",9.3,N/A,,,,,,,
AA5xxx Card - 009A.docx,AA5xxx,009A,1.00E-08,0.06,0.19,1.00E-08,0.26,3.08,1.00E-08,1.00E-08,1.00E-08,0.005,1.00E-08,1.00E-08,1.00E-08,80,220,,26,0,DC,635,540°C > 5 hours,99.6,20,"Batch annealing, 340°C 2 hours",39.1,N/A,,,,,,,
AA5xxx Card - 009B.docx,AA5xxx,009B,1.00E-08,0.06,0.19,1.00E-08,0.26,3.08,1.00E-08,1.00E-08,1.00E-08,0.005,1.00E-08,1.00E-08,1.00E-08,85,225,,24,0.4,DC,635,540°C > 5 hours,99.6,40,"Batch annealing, 340°C 2 hours",32.7,N/A,,,,,,,
AA5xxx Card - 009C.docx,AA5xxx,009C,1.00E-08,0.06,0.19,1.00E-08,0.26,3.08,1.00E-08,1.00E-08,1.00E-08,0.005,1.00E-08,1.00E-08,1.00E-08,87.5,227,,24,0.4,DC,635,540°C > 5 hours,99.6,45,"Batch annealing, 340°C 2 hours",29.5,N/A,,,,,,,
AA5xxx Card - 009D.docx,AA5xxx,009D,1.00E-08,0.06,0.19,1.00E-08,0.26,3.08,1.00E-08,1.00E-08,1.00E-08,0.005,1.00E-08,1.00E-08,1.00E-08,92,225,,23,0.6,DC,635,540°C > 5 hours,99.6,54,"Batch annealing, 340°C 2 hours",24,N/A,,,,,,,
AA5xxx Card - 009E.docx,AA5xxx,009E,1.00E-08,0.06,0.19,1.00E-08,0.26,3.08,1.00E-08,1.00E-08,1.00E-08,0.005,1.00E-08,1.00E-08,1.00E-08,93,228,,23,0.7,DC,635,540°C > 5 hours,99.6,50,"Batch annealing, 340°C 2 hours",23.6,N/A,,,,,,,
AA5xxx Card - 010A.docx,AA5xxx,010A,1.00E-08,0.06,0.19,1.00E-08,0.26,3.68,1.00E-08,1.00E-08,1.00E-08,0.005,1.00E-08,1.00E-08,1.00E-08,87.5,229,,25,0,DC,635,540°C > 5 hours,99.6,20,"Batch annealing, 340°C 2 hours",39.1,N/A,,,,,,,
AA5xxx Card - 010B.docx,AA5xxx,010B,1.00E-08,0.06,0.19,1.00E-08,0.26,3.68,1.00E-08,1.00E-08,1.00E-08,0.005,1.00E-08,1.00E-08,1.00E-08,91.5,233,,24,0.5,DC,635,540°C > 5 hours,99.6,40,"Batch annealing, 340°C 2 hours",32.7,N/A,,,,,,,
AA5xxx Card - 010C.docx,AA5xxx,010C,1.00E-08,0.06,0.19,1.00E-08,0.26,3.68,1.00E-08,1.00E-08,1.00E-08,0.005,1.00E-08,1.00E-08,1.00E-08,95,235,,24,0.4,DC,635,540°C > 5 hours,99.6,45,"Batch annealing, 340°C 2 hours",29.5,N/A,,,,,,,
AA5xxx Card - 010D.docx,AA5xxx,010D,1.00E-08,0.06,0.19,1.00E-08,0.26,3.68,1.00E-08,1.00E-08,1.00E-08,0.005,1.00E-08,1.00E-08,1.00E-08,99,235,,24,0.8,DC,635,540°C > 5 hours,99.6,54,"Batch annealing, 340°C 2 hours",24,N/A,,,,,,,
AA5xxx Card - 010E.docx,AA5xxx,010E,1.00E-08,0.06,0.19,1.00E-08,0.26,3.68,1.00E-08,1.00E-08,1.00E-08,0.005,1.00E-08,1.00E-08,1.00E-08,102,240,,23,0.7,DC,635,540°C > 5 hours,99.6,55,"Batch annealing, 340°C 2 hours",23.6,N/A,,,,,,,
AA5xxx Card - 011A.docx,AA5xxx,011A,1.00E-08,0.06,0.19,1.00E-08,0.31,3.68,1.00E-08,1.00E-08,1.00E-08,0.005,1.00E-08,1.00E-08,1.00E-08,93,235,,25,0,DC,635,540°C > 5 hours,99.6,18,"Batch annealing, 340°C 2 hours",39.1,N/A,,,,,,,
AA5xxx Card - 011B.docx,AA5xxx,011B,1.00E-08,0.06,0.19,1.00E-08,0.31,3.68,1.00E-08,1.00E-08,1.00E-08,0.005,1.00E-08,1.00E-08,1.00E-08,98,238,,23,0.7,DC,635,540°C > 5 hours,99.6,38,"Batch annealing, 340°C 2 hours",32.7,N/A,,,,,,,
AA5xxx Card - 011C.docx,AA5xxx,011C,1.00E-08,0.06,0.19,1.00E-08,0.31,3.68,1.00E-08,1.00E-08,1.00E-08,0.005,1.00E-08,1.00E-08,1.00E-08,102,238,,23.5,0.4,DC,635,540°C > 5 hours,99.6,40,"Batch annealing, 340°C 2 hours",29.5,N/A,,,,,,,
AA5xxx Card - 011D.docx,AA5xxx,011D,1.00E-08,0.06,0.19,1.00E-08,0.31,3.68,1.00E-08,1.00E-08,1.00E-08,0.005,1.00E-08,1.00E-08,1.00E-08,106,241,,23,0.8,DC,635,540°C > 5 hours,99.6,50,"Batch annealing, 340°C 2 hours",23.6,N/A,,,,,,,
AA5xxx Card - 011E.docx,AA5xxx,011E,1.00E-08,0.06,0.19,1.00E-08,0.31,3.68,1.00E-08,1.00E-08,1.00E-08,0.005,1.00E-08,1.00E-08,1.00E-08,107,250,,23,0.7,DC,635,540°C > 5 hours,99.6,50,"Batch annealing, 340°C 2 hours",23.6,N/A,,,,,,,
AA5xxx Card - 012A.docx,AA5xxx,012A,1.00E-08,0.06,0.19,1.00E-08,0.26,3.08,1.00E-08,1.00E-08,1.00E-08,0.005,1.00E-08,1.00E-08,1.00E-08,94,226,,21,0.9,DC,635,540°C > 5 hours,99.6,55,"Batch annealing, 340°C 2 hours",17.5,N/A,,,,,,,
AA5xxx Card - 012B.docx,AA5xxx,012B,1.00E-08,0.06,0.19,1.00E-08,0.26,3.08,1.00E-08,1.00E-08,1.00E-08,0.005,1.00E-08,1.00E-08,1.00E-08,90.2,223,,19.5,0.8,DC,635,540°C > 5 hours,99.6,70,"Batch annealing, 340°C 2 hours",18.5,N/A,,,,,,,
AA5xxx Card - 012C.docx,AA5xxx,012C,1.00E-08,0.06,0.19,1.00E-08,0.26,3.08,1.00E-08,1.00E-08,1.00E-08,0.005,1.00E-08,1.00E-08,1.00E-08,92,214,,21.8,0.8,DC,635,540°C > 5 hours,99.6,52,"Batch annealing, 340°C 2 hours",18.7,N/A,,,,,,,
AA5xxx Card - 012D.docx,AA5xxx,012D,1.00E-08,0.06,0.19,1.00E-08,0.26,3.08,1.00E-08,1.00E-08,1.00E-08,0.005,1.00E-08,1.00E-08,1.00E-08,87,218,,21.3,0.7,DC,635,540°C > 5 hours,99.6,54,"Batch annealing, 340°C 2 hours",22,N/A,,,,,,,
AA5xxx Card - 012E.docx,AA5xxx,012E,1.00E-08,0.06,0.19,1.00E-08,0.26,3.08,1.00E-08,1.00E-08,1.00E-08,0.005,1.00E-08,1.00E-08,1.00E-08,80,215,,23,0.4,DC,635,540°C > 5 hours,99.6,40,"Batch annealing, 340°C 2 hours",31,N/A,,,,,,,
AA5xxx Card - 012F.docx,AA5xxx,012F,1.00E-08,0.06,0.19,1.00E-08,0.26,3.08,1.00E-08,1.00E-08,1.00E-08,0.005,1.00E-08,1.00E-08,1.00E-08,75,215,,26,0,DC,635,540°C > 5 hours,99.6,26,"Batch annealing, 340°C 2 hours",37.3,N/A,,,,,,,
AA5xxx Card - 012G.docx,AA5xxx,012G,1.00E-08,0.06,0.19,1.00E-08,0.26,3.08,1.00E-08,1.00E-08,1.00E-08,0.005,1.00E-08,1.00E-08,1.00E-08,75,214,,25,0,DC,635,540°C > 5 hours,99.6,18,"Batch annealing, 340°C 2 hours",38.5,N/A,,,,,,,
AA5xxx Card - 013A.docx,AA5xxx,013A,1.00E-08,0.08,0.22,0.04,0.33,4.55,1.00E-08,1.00E-08,1.00E-08,0.005,1.00E-08,1.00E-08,1.00E-08,155.4,300,,23,1.3,DC,635,540°C > 5 hours,99.6,80,"Batch annealing, 340°C 2 hours",9.4,N/A,,,,,,,
AA5xxx Card - 013B.docx,AA5xxx,013B,1.00E-08,0.08,0.22,0.04,0.33,4.55,1.00E-08,1.00E-08,1.00E-08,0.005,1.00E-08,1.00E-08,1.00E-08,151,297,,22.5,1.2,DC,635,540°C > 5 hours,99.6,70,"Batch annealing, 340°C 2 hours",10,N/A,,,,,,,
AA5xxx Card - 013C.docx,AA5xxx,013C,1.00E-08,0.08,0.22,0.04,0.33,4.55,1.00E-08,1.00E-08,1.00E-08,0.005,1.00E-08,1.00E-08,1.00E-08,150,297,,24,1.2,DC,635,540°C > 5 hours,99.6,70,"Batch annealing, 340°C 2 hours",10.5,N/A,,,,,,,
AA5xxx Card - 013D.docx,AA5xxx,013D,1.00E-08,0.08,0.22,0.04,0.33,4.55,1.00E-08,1.00E-08,1.00E-08,0.005,1.00E-08,1.00E-08,1.00E-08,148,293,,22,,DC,635,540°C > 5 hours,99.6,70,"Batch annealing, 340°C 2 hours",11.2,N/A,,,,,,,
AA5xxx Card - 013E.docx,AA5xxx,013E,1.00E-08,0.08,0.22,0.04,0.33,4.55,1.00E-08,1.00E-08,1.00E-08,0.005,1.00E-08,1.00E-08,1.00E-08,147.5,295,,23.5,1.5,DC,635,540°C > 5 hours,99.6,72,"Batch annealing, 340°C 2 hours",11.5,N/A,,,,,,,
AA5xxx Card - 013F.docx,AA5xxx,013F,1.00E-08,0.08,0.22,0.04,0.33,4.55,1.00E-08,1.00E-08,1.00E-08,0.005,1.00E-08,1.00E-08,1.00E-08,146.5,296,,24.3,1.4,DC,635,540°C > 5 hours,99.6,70.5,"Batch annealing, 340°C 2 hours",12,N/A,,,,,,,
AA5xxx Card - 013G.docx,AA5xxx,013G,1.00E-08,0.08,0.22,0.04,0.33,4.55,1.00E-08,1.00E-08,1.00E-08,0.005,1.00E-08,1.00E-08,1.00E-08,147,294,,22.5,1.5,DC,635,540°C > 5 hours,99.6,68,"Batch annealing, 340°C 2 hours",12.5,N/A,,,,,,,
AA5xxx Card - 013H.docx,AA5xxx,013H,1.00E-08,0.08,0.22,0.04,0.33,4.55,1.00E-08,1.00E-08,1.00E-08,0.005,1.00E-08,1.00E-08,1.00E-08,136,286,,22.9,0.8,DC,635,540°C > 5 hours,99.6,60,"Batch annealing, 340°C 2 hours",13,N/A,,,,,,,
AA5xxx Card - 013I.docx,AA5xxx,013I,1.00E-08,0.08,0.22,0.04,0.33,4.55,1.00E-08,1.00E-08,1.00E-08,0.005,1.00E-08,1.00E-08,1.00E-08,145,299,,24.1,1,DC,635,540°C > 5 hours,99.6,65,"Batch annealing, 340°C 2 hours",13.5,N/A,,,,,,,
AA5xxx Card - 013J.docx,AA5xxx,013J,1.00E-08,0.08,0.22,0.04,0.33,4.55,1.00E-08,1.00E-08,1.00E-08,0.005,1.00E-08,1.00E-08,1.00E-08,134,281,,24.1,0.9,DC,635,540°C > 5 hours,99.6,50,"Batch annealing, 340°C 2 hours",14.4,N/A,,,,,,,
AA5xxx Card - 013K.docx,AA5xxx,013K,1.00E-08,0.08,0.22,0.04,0.33,4.55,1.00E-08,1.00E-08,1.00E-08,0.005,1.00E-08,1.00E-08,1.00E-08,119.5,269,,24,0.8,DC,635,540°C > 5 hours,99.6,40,"Batch annealing, 340°C 2 hours",17,N/A,,,,,,,
AA5xxx Card - 013L.docx,AA5xxx,013L,1.00E-08,0.08,0.22,0.04,0.33,4.55,1.00E-08,1.00E-08,1.00E-08,0.005,1.00E-08,1.00E-08,1.00E-08,118.1,273,,24.4,0.7,DC,635,540°C > 5 hours,99.6,35,"Batch annealing, 340°C 2 hours",21.3,N/A,,,,,,,
AA5xxx Card - 013M.docx,AA5xxx,013M,1.00E-08,0.08,0.22,0.04,0.33,4.55,1.00E-08,1.00E-08,1.00E-08,0.005,1.00E-08,1.00E-08,1.00E-08,117.9,271,,25.2,0.7,DC,635,540°C > 5 hours,99.6,34,"Batch annealing, 340°C 2 hours",21.8,N/A,,,,,,,
AA5xxx Card - 013N.docx,AA5xxx,013N,1.00E-08,0.08,0.22,0.04,0.33,4.55,1.00E-08,1.00E-08,1.00E-08,0.005,1.00E-08,1.00E-08,1.00E-08,124.8,275,,23.8,,DC,635,540°C > 5 hours,99.6,35,"Batch annealing, 340°C 2 hours",22,N/A,2.8,,,,,,
AA5xxx Card - 014A.docx,AA5xxx,014A,1.00E-08,0.06,0.23,0.06,0.3,4.46,1.00E-08,1.00E-08,1.00E-08,0.005,1.00E-08,1.00E-08,1.00E-08,110,255,,25,0.5,DC,635,540°C > 5 hours,99.3,17.5,"flash annealing, 400°C 10 minutes",30.5,N/A,3.4,,,,,,
AA5xxx Card - 014B.docx,AA5xxx,014B,1.00E-08,0.06,0.23,0.06,0.3,4.46,1.00E-08,1.00E-08,1.00E-08,0.005,1.00E-08,1.00E-08,1.00E-08,130,279,,24,0.8,DC,635,540°C > 5 hours,99.3,36.5,"flash annealing, 400°C 10 minutes",17.6,N/A,2.6,,,,,,
AA5xxx Card - 014C.docx,AA5xxx,014C,1.00E-08,0.06,0.23,0.06,0.3,4.46,1.00E-08,1.00E-08,1.00E-08,0.005,1.00E-08,1.00E-08,1.00E-08,135,282,,24,1,DC,635,540°C > 5 hours,99.3,50,"flash annealing, 400°C 10 minutes",13.8,N/A,2.6,,,,,,
AA5xxx Card - 014D.docx,AA5xxx,014D,1.00E-08,0.06,0.23,0.06,0.3,4.46,1.00E-08,1.00E-08,1.00E-08,0.005,1.00E-08,1.00E-08,1.00E-08,152,297,,23,1.2,DC,635,540°C > 5 hours,99.3,73,"flash annealing, 400°C 10 minutes",9.6,N/A,2.8,,,,,,
AA5xxx Card - 015A.docx,AA5xxx,015A,1.00E-08,0.1,0.2,1.00E-08,0.6,6,1.00E-08,1.00E-08,1.00E-08,0.005,1.00E-08,1.00E-08,1.00E-08,217.5,388.8,,24.5,2,DC,406.4,525°C > 5 hours,97.5,90,"flash annealing, 400°C 1 hour",5.6,N/A,,,,,,,
AA5xxx Card - 015B.docx,AA5xxx,015B,1.00E-08,0.1,0.2,1.00E-08,0.6,6,1.00E-08,1.00E-08,1.00E-08,0.005,1.00E-08,1.00E-08,1.00E-08,189,351,,24.5,2,DC,406.4,525°C > 5 hours,97.5,90,"flash annealing, 450°C 1 hour",6,N/A,,,,,,,
AA5xxx Card - 015C.docx,AA5xxx,015C,1.00E-08,0.1,0.2,1.00E-08,0.6,6,1.00E-08,1.00E-08,1.00E-08,0.005,1.00E-08,1.00E-08,1.00E-08,164,309,,24,2,DC,406.4,525°C > 5 hours,97.5,90,"flash annealing, 500°C 1 hour",6.9,N/A,,,,,,,
AA5xxx Card - 015D.docx,AA5xxx,015D,1.00E-08,0.1,0.2,1.00E-08,0.6,6,1.00E-08,1.00E-08,1.00E-08,0.005,1.00E-08,1.00E-08,1.00E-08,142.5,289,,24.4,1,DC,406.4,525°C > 5 hours,97.5,90,"flash annealing, 525°C 1 hour",7.4,N/A,,,,,,,
AA5xxx Card - 016A.docx,AA5xxx,016A,1.00E-08,0.1,0.25,1.00E-08,1.00E-08,2.2,1.00E-08,1.00E-08,1.00E-08,0.005,1.00E-08,1.00E-08,1.00E-08,90,190,,25,,DC,635,525°C > 5 hours,99,75,"batch annealing, 350°C 2 hours",40,N/A,,,,,,,
AA5xxx Card - 017A.docx,AA5xxx,017A,1.00E-08,0.08,0.2,1.00E-08,0.45,4.5,1.00E-08,1.00E-08,1.00E-08,0.005,1.00E-08,1.00E-08,1.00E-08,184,337,,23.7,,book mould,76.2,525°C 8 hours,92,75,"flash annealing, 400°C 1 hour",4.3,N/A,,,,,,,
AA5xxx Card - 017B.docx,AA5xxx,017B,1.00E-08,0.08,0.2,1.00E-08,0.45,4.5,1.00E-08,1.00E-08,1.00E-08,0.005,1.00E-08,1.00E-08,1.00E-08,181.3,334.9,,22.5,,book mould,76.2,525°C 8 hours,92,75,"flash annealing, 450°C 1 hour",4.5,N/A,,,,,,,
AA5xxx Card - 017C.docx,AA5xxx,017C,1.00E-08,0.08,0.2,1.00E-08,0.45,4.5,1.00E-08,1.00E-08,1.00E-08,0.005,1.00E-08,1.00E-08,1.00E-08,174.5,327.2,,23,,book mould,76.2,525°C 8 hours,92,75,"flash annealing, 500°C 1 hour",4.8,N/A,,,,,,,
AA5xxx Card - 017D.docx,AA5xxx,017D,1.00E-08,0.08,0.2,1.00E-08,0.45,4.5,1.00E-08,1.00E-08,1.00E-08,0.005,1.00E-08,1.00E-08,1.00E-08,163.1,316.7,,20.9,,book mould,76.2,525°C 8 hours,92,75,"flash annealing, 550°C 1 hour",6.5,N/A,,,,,,,
AA5xxx Card - 018A.docx,AA5xxx,018A,1.00E-08,0.08,0.15,1.00E-08,0.8,3.5,1.00E-08,1.00E-08,1.00E-08,0.005,1.00E-08,1.00E-08,1.00E-08,148.8,277,,23.6,,book mould,38,525°C 8 hours,85,50,"flash annealing, 350°C 1 hour",5,N/A,,,,,,,
AA5xxx Card - 018B.docx,AA5xxx,018B,1.00E-08,0.08,0.15,1.00E-08,0.8,3.5,1.00E-08,1.00E-08,1.00E-08,0.005,1.00E-08,1.00E-08,1.00E-08,141.8,269.7,,23.3,,book mould,38,525°C 8 hours,85,50,"flash annealing, 400°C 1 hour",5.5,N/A,,,,,,,
AA5xxx Card - 018C.docx,AA5xxx,018C,1.00E-08,0.08,0.15,1.00E-08,0.8,3.5,1.00E-08,1.00E-08,1.00E-08,0.005,1.00E-08,1.00E-08,1.00E-08,130.4,263,,22.6,,book mould,38,525°C 8 hours,85,50,"flash annealing, 450°C 1 hour",6.5,N/A,,,,,,,
AA5xxx Card - 018D.docx,AA5xxx,018D,1.00E-08,0.08,0.15,1.00E-08,0.8,3.5,1.00E-08,1.00E-08,1.00E-08,0.005,1.00E-08,1.00E-08,1.00E-08,121.1,259.5,,21.3,,book mould,38,525°C 8 hours,85,50,"flash annealing, 500°C 1 hour",7.9,N/A,,,,,,,
AA5xxx Card - 018E.docx,AA5xxx,018E,1.00E-08,0.08,0.15,1.00E-08,0.8,3.5,1.00E-08,1.00E-08,1.00E-08,0.005,1.00E-08,1.00E-08,1.00E-08,109.1,246,,22.3,,book mould,38,525°C 8 hours,85,50,"flash annealing, 550°C 1 hour",11.1,N/A,,,,,,,
AA5xxx Card - 019A.docx,AA5xxx,019A,1.00E-08,0.08,0.25,1.00E-08,0.8,3.5,1.00E-08,1.00E-08,1.00E-08,0.005,1.00E-08,1.00E-08,1.00E-08,143.8,271.8,,21.8,,book mould,38,525°C 8 hours,85,50,"flash annealing, 350°C 1 hour",5,N/A,,,,,,,
AA5xxx Card - 019B.docx,AA5xxx,019B,1.00E-08,0.08,0.25,1.00E-08,0.8,3.5,1.00E-08,1.00E-08,1.00E-08,0.005,1.00E-08,1.00E-08,1.00E-08,137.9,265.5,,25.5,,book mould,38,525°C 8 hours,85,50,"flash annealing, 400°C 1 hour",5.4,N/A,,,,,,,
AA5xxx Card - 019C.docx,AA5xxx,019C,1.00E-08,0.08,0.25,1.00E-08,0.8,3.5,1.00E-08,1.00E-08,1.00E-08,0.005,1.00E-08,1.00E-08,1.00E-08,130.7,260.1,,22.5,,book mould,38,525°C 8 hours,85,50,"flash annealing, 450°C 1 hour",6.6,N/A,,,,,,,
AA5xxx Card - 019D.docx,AA5xxx,019D,1.00E-08,0.08,0.25,1.00E-08,0.8,3.5,1.00E-08,1.00E-08,1.00E-08,0.005,1.00E-08,1.00E-08,1.00E-08,120,255.3,,23.8,,book mould,38,525°C 8 hours,85,50,"flash annealing, 500°C 1 hour",7.9,N/A,,,,,,,
AA5xxx Card - 019E.docx,AA5xxx,019E,1.00E-08,0.08,0.25,1.00E-08,0.8,3.5,1.00E-08,1.00E-08,1.00E-08,0.005,1.00E-08,1.00E-08,1.00E-08,111,251.3,,22.1,,book mould,38,525°C 8 hours,85,50,"flash annealing, 550°C 1 hour",10.9,N/A,,,,,,,
AA5xxx Card - 020A.docx,AA5xxx,020A,1.00E-08,0.03,0.04,1.00E-08,0.52,4.53,1.00E-08,1.00E-08,1.00E-08,0.005,1.00E-08,1.00E-08,1.00E-08,156.7,311.3,21,31.7,,DC,95.25,"540°C, 5 - 6 hours",89,81,"batch annealing, 350°C 2 hours",13.6,N/A,,,,,,,
AA5xxx Card - 020B.docx,AA5xxx,020B,1.00E-08,0.03,0.05,1.00E-08,0.99,4.62,1.00E-08,1.00E-08,1.00E-08,0.005,1.00E-08,1.00E-08,1.00E-08,173,344.5,21.5,24,,DC,95.25,"540°C, 5 - 6 hours",89,81,"batch annealing, 350°C 2 hours",10.8,Yes,,,,,,,
AA5xxx Card - 020C.docx,AA5xxx,020C,1.00E-08,0.04,0.05,1.00E-08,1.44,4.61,1.00E-08,1.00E-08,1.00E-08,0.005,1.00E-08,1.00E-08,1.00E-08,193,365,19.5,22,,DC,95.25,"540°C, 5 - 6 hours",89,81,"batch annealing, 350°C 2 hours",10,Yes,,,,,,,
AA5xxx Card - 020D.docx,AA5xxx,020D,1.00E-08,0.06,0.14,1.00E-08,0.51,4.52,1.00E-08,1.00E-08,1.00E-08,0.005,1.00E-08,1.00E-08,1.00E-08,162,313.4,20,26,,DC,95.25,"540°C, 5 - 6 hours",89,81,"batch annealing, 350°C 2 hours",11.4,Yes,,,,,,,
AA5xxx Card - 020E.docx,AA5xxx,020E,1.00E-08,0.06,0.16,1.00E-08,0.99,4.62,1.00E-08,1.00E-08,1.00E-08,0.005,1.00E-08,1.00E-08,1.00E-08,176,347,20.3,25,,DC,95.25,"540°C, 5 - 6 hours",89,81,"batch annealing, 350°C 2 hours",10.7,Yes,,,,,,,
AA5xxx Card - 020F.docx,AA5xxx,020F,1.00E-08,0.07,0.18,1.00E-08,1.48,4.67,1.00E-08,1.00E-08,1.00E-08,0.005,1.00E-08,1.00E-08,1.00E-08,186.7,362,18,20,,DC,95.25,"540°C, 5 - 6 hours",89,81,"batch annealing, 350°C 2 hours",9.9,Yes,,,,,,,
AA5xxx Card - 020G.docx,AA5xxx,020G,1.00E-08,0.06,0.26,1.00E-08,0.51,4.51,1.00E-08,1.00E-08,1.00E-08,0.005,1.00E-08,1.00E-08,1.00E-08,164.7,316,21.3,27.3,,DC,95.25,"540°C, 5 - 6 hours",89,81,"batch annealing, 350°C 2 hours",10.5,Yes,,,,,,,
AA5xxx Card - 020H.docx,AA5xxx,020H,1.00E-08,0.06,0.27,1.00E-08,0.95,4.61,1.00E-08,1.00E-08,1.00E-08,0.005,1.00E-08,1.00E-08,1.00E-08,176,341.3,21.3,25.3,,DC,95.25,"540°C, 5 - 6 hours",89,81,"batch annealing, 350°C 2 hours",10.2,Yes,,,,,,,
AA5xxx Card - 020I.docx,AA5xxx,020I,1.00E-08,0.06,0.28,1.00E-08,1.45,4.67,1.00E-08,1.00E-08,1.00E-08,0.005,1.00E-08,1.00E-08,1.00E-08,187.7,357,18.3,21,,DC,95.25,"540°C, 5 - 6 hours",89,81,"batch annealing, 350°C 2 hours",9.3,Yes,,,,,,,
AA5xxx Card - 021A.docx,AA5xxx,021A,1.00E-08,0.08,0.45,1.00E-08,0.05,0.8,1.00E-08,1.00E-08,1.00E-08,0.005,1.00E-08,1.00E-08,1.00E-08,54.2,129.9,24.9,25.1,,DC,635,540°C > 5 hours,99,75,"batch annealing, 300°C 2 hours",20.7,N/A,,,,,,,
AA5xxx Card - 021B.docx,AA5xxx,021B,1.00E-08,0.08,0.45,1.00E-08,0.05,0.8,1.00E-08,1.00E-08,1.00E-08,0.005,1.00E-08,1.00E-08,1.00E-08,40.3,121.8,27.1,27.2,,DC,635,540°C > 5 hours,99,75,"batch annealing, 320°C 2 hours",30,N/A,,,,,,,
AA5xxx Card - 021C.docx,AA5xxx,021C,1.00E-08,0.08,0.45,1.00E-08,0.05,0.8,1.00E-08,1.00E-08,1.00E-08,0.005,1.00E-08,1.00E-08,1.00E-08,40.2,121.2,28.4,28.5,,DC,635,540°C > 5 hours,99,75,"batch annealing, 340°C 2 hours",30.5,N/A,,,,,,,
AA5xxx Card - 021D.docx,AA5xxx,021D,1.00E-08,0.08,0.45,1.00E-08,0.05,0.8,1.00E-08,1.00E-08,1.00E-08,0.005,1.00E-08,1.00E-08,1.00E-08,37.2,110.6,37.9,38,,DC,635,540°C > 5 hours,99,63,"batch annealing, 300°C 2 hours",36.1,N/A,,,,,,,
AA5xxx Card - 022A.docx,AA5xxx,022A,1.00E-08,0.08,0.1,1.00E-08,0.1,1,1.00E-08,1.00E-08,1.00E-08,0.005,1.00E-08,1.00E-08,1.00E-08,43.4,112.5,17.4,17.5,0,DC,635,540°C > 5 hours,99.6,50,"batch annealing, 325°C 2 hours",60,N/A,,,,,,,
AA5xxx Card - 022B.docx,AA5xxx,022B,1.00E-08,0.08,0.1,1.00E-08,0.1,1,1.00E-08,1.00E-08,1.00E-08,0.005,1.00E-08,1.00E-08,1.00E-08,35.1,107.3,19.7,19.7,0,DC,635,540°C > 5 hours,99.6,50,"batch annealing, 350°C 2 hours",75,N/A,,,,,,,
AA5xxx Card - 022C.docx,AA5xxx,022C,1.00E-08,0.08,0.1,1.00E-08,0.1,1,1.00E-08,1.00E-08,1.00E-08,0.005,1.00E-08,1.00E-08,1.00E-08,33.9,106.2,19.3,19.3,0,DC,635,540°C > 5 hours,99.6,50,"batch annealing, 375°C 2 hours",80,N/A,,,,,,,
AA5xxx Card - 022D.docx,AA5xxx,022D,1.00E-08,0.08,0.1,1.00E-08,0.1,1,1.00E-08,1.00E-08,1.00E-08,0.005,1.00E-08,1.00E-08,1.00E-08,41.1,112.7,16.6,16.7,0,DC,635,540°C > 5 hours,99.6,60,"batch annealing, 325°C 2 hours",62,N/A,,,,,,,
AA5xxx Card - 022E.docx,AA5xxx,022E,1.00E-08,0.08,0.1,1.00E-08,0.1,1,1.00E-08,1.00E-08,1.00E-08,0.005,1.00E-08,1.00E-08,1.00E-08,35.1,108.1,20,20.1,0,DC,635,540°C > 5 hours,99.6,60,"batch annealing, 350°C 2 hours",65,N/A,,,,,,,
AA5xxx Card - 022F.docx,AA5xxx,022F,1.00E-08,0.08,0.1,1.00E-08,0.1,1,1.00E-08,1.00E-08,1.00E-08,0.005,1.00E-08,1.00E-08,1.00E-08,33.9,107.4,20,20.2,0,DC,635,540°C > 5 hours,99.6,60,"batch annealing, 375°C 2 hours",75,N/A,,,,,,,
AA5xxx Card - 022G.docx,AA5xxx,022G,1.00E-08,0.08,0.1,1.00E-08,0.1,1,1.00E-08,1.00E-08,1.00E-08,0.005,1.00E-08,1.00E-08,1.00E-08,42.2,115.8,19.5,19.5,0,DC,635,540°C > 5 hours,99.6,70,"batch annealing, 325°C 2 hours",60,N/A,,,,,,,
AA5xxx Card - 022H.docx,AA5xxx,022H,1.00E-08,0.08,0.1,1.00E-08,0.1,1,1.00E-08,1.00E-08,1.00E-08,0.005,1.00E-08,1.00E-08,1.00E-08,34.9,109.7,21.8,21.9,0,DC,635,540°C > 5 hours,99.6,70,"batch annealing, 350°C 2 hours",75,N/A,,,,,,,
AA5xxx Card - 022I.docx,AA5xxx,022I,1.00E-08,0.08,0.1,1.00E-08,0.1,1,1.00E-08,1.00E-08,1.00E-08,0.005,1.00E-08,1.00E-08,1.00E-08,34.1,110.8,21.1,21.3,,DC,635,540°C > 5 hours,99.6,70,"batch annealing, 375°C 2 hours",75,N/A,,,,,,,
AA5xxx Card - 022J.docx,AA5xxx,022J,1.00E-08,0.08,0.1,1.00E-08,0.1,1,1.00E-08,1.00E-08,1.00E-08,0.005,1.00E-08,1.00E-08,1.00E-08,49.9,120.4,17.7,17.7,0,DC,635,540°C > 5 hours,99.6,79,"batch annealing, 325°C 2 hours",30,N/A,,,,,,,
AA5xxx Card - 022K.docx,AA5xxx,022K,1.00E-08,0.08,0.1,1.00E-08,0.1,1,1.00E-08,1.00E-08,1.00E-08,0.005,1.00E-08,1.00E-08,1.00E-08,34.8,112.9,19.8,19.8,0,DC,635,540°C > 5 hours,99.6,79,"batch annealing, 350°C 2 hours",70,N/A,,,,,,,
AA5xxx Card - 022L.docx,AA5xxx,022L,1.00E-08,0.08,0.1,1.00E-08,0.1,1,1.00E-08,1.00E-08,1.00E-08,0.005,1.00E-08,1.00E-08,1.00E-08,33.2,112.1,20.9,20.9,0,DC,635,540°C > 5 hours,99.6,79,"batch annealing, 375°C 2 hours",75,N/A,,,,,,,
AA5xxx Card - 023A.docx,AA5xxx,023A,1.00E-08,0.08,0.45,1.00E-08,0.05,0.8,1.00E-08,1.00E-08,1.00E-08,0.005,1.00E-08,1.00E-08,1.00E-08,97.2,142,,21.7,0,DC,635,540°C > 5 hours,98.7,40,"batch annealing, 320°C 2 hours",20,N/A,,,,,,,
AA5xxx Card - 023B.docx,AA5xxx,023B,1.00E-08,0.08,0.45,1.00E-08,0.05,0.8,1.00E-08,1.00E-08,1.00E-08,0.005,1.00E-08,1.00E-08,1.00E-08,76.9,134.8,,24.57,0,DC,635,540°C > 5 hours,98.7,60,"batch annealing, 320°C 2 hours",30,N/A,,,,,,,
AA5xxx Card - 023C.docx,AA5xxx,023C,1.00E-08,0.08,0.45,1.00E-08,0.05,0.8,1.00E-08,1.00E-08,1.00E-08,0.005,1.00E-08,1.00E-08,1.00E-08,65.4,131.8,,23.3,0,DC,635,540°C > 5 hours,98.7,80,"batch annealing, 320°C 2 hours",35,N/A,,,,,,,
AA5xxx Card - 023D.docx,AA5xxx,023D,1.00E-08,0.08,0.45,1.00E-08,0.05,0.8,1.00E-08,1.00E-08,1.00E-08,0.005,1.00E-08,1.00E-08,1.00E-08,46.5,122,,23.7,0,DC,635,540°C > 5 hours,98.7,90,"batch annealing, 320°C 2 hours",28,N/A,,,,,,,
AA5xxx Card - 024A.docx,AA5xxx,024A,1.00E-08,0.08,0.45,1.00E-08,0.05,0.8,1.00E-08,1.00E-08,1.00E-08,0.005,1.00E-08,1.00E-08,1.00E-08,40,115,23,23.5,0,DC,635,540°C > 5 hours,99,70,"batch annealing, 400°C 2 hours",69.4,N/A,,,,,,,
AA5xxx Card - 025A.docx,AA5xxx,025A,1.00E-08,0.08,0.3,1.00E-08,0.7,4.5,0.1,1.00E-08,1.00E-08,0.005,1.00E-08,1.00E-08,1.00E-08,174,323,25,26,1.6,DC,635,540°C > 5 hours,99,70,"batch annealing, 400°C 2 hours",28,N/A,,,,,,,
AA5xxx Card - 026A.docx,AA5xxx,026A,1.00E-08,0.13,0.19,1.00E-08,0.41,4.57,1.00E-08,1.00E-08,1.00E-08,0.005,1.00E-08,1.00E-08,1.00E-08,140,275,,21,1.3,mould casting,40,530°C 5.5 hours,93.8,63,"batch annealing, 370°C 1 hour",14.4,N/A,,,,,,,
AA5xxx Card - 026B.docx,AA5xxx,026B,1.00E-08,0.13,0.19,1.00E-08,0.41,4.57,1.00E-08,1.00E-08,1.00E-08,0.005,1.00E-08,1.00E-08,1.00E-08,132,277,,21,0,mould casting,40,530°C 5.5 hours,93.8,20,"batch annealing, 370°C 1 hour",20.7,N/A,,,,,,,
AA5xxx Card - 026C.docx,AA5xxx,026C,1.00E-08,0.14,0.2,1.00E-08,0.42,4.16,1.00E-08,1.00E-08,1.00E-08,0.005,1.00E-08,1.00E-08,1.00E-08,125,253,,21,1.2,mould casting,40,25°C 12 hours,93.8,63,"batch annealing, 370°C 1 hour",15.8,N/A,,,,,,,
AA5xxx Card - 026D.docx,AA5xxx,026D,1.00E-08,0.14,0.2,1.00E-08,0.42,4.16,1.00E-08,1.00E-08,1.00E-08,0.005,1.00E-08,1.00E-08,1.00E-08,106,251,,21,0,mould casting,40,530°C 5.5 hours,93.8,20,"batch annealing, 370°C 1 hour",47,N/A,,,,,,,
AA5xxx Card - 026E.docx,AA5xxx,026E,1.00E-08,0.13,0.19,1.00E-08,0.43,3.6,1.00E-08,1.00E-08,1.00E-08,0.005,1.00E-08,1.00E-08,1.00E-08,120,245,,21,0.6,mould casting,40,530°C 5.5 hours,93.8,63,"batch annealing, 370°C 1 hour",15.9,N/A,,,,,,,
AA5xxx Card - 026F.docx,AA5xxx,026F,1.00E-08,0.13,0.19,1.00E-08,0.43,3.6,1.00E-08,1.00E-08,1.00E-08,0.005,1.00E-08,1.00E-08,1.00E-08,115,245,,18,0,mould casting,40,530°C 5.5 hours,93.8,20,"batch annealing, 370°C 1 hour",32.8,N/A,,,,,,,
AA5xxx Card - 026G.docx,AA5xxx,026G,1.00E-08,0.13,0.2,1.00E-08,0.34,4.89,1.00E-08,1.00E-08,1.00E-08,0.005,1.00E-08,1.00E-08,1.00E-08,137,174,,21,1.3,mould casting,40,530°C 5.5 hours,93.8,63,"batch annealing, 370°C 1 hour",15.2,N/A,,,,,,,
AA5xxx Card - 026H.docx,AA5xxx,026H,1.00E-08,0.13,0.2,1.00E-08,0.34,4.89,1.00E-08,1.00E-08,1.00E-08,0.005,1.00E-08,1.00E-08,1.00E-08,108,166,,21,0.1,mould casting,40,530°C 5.5 hours,93.8,20,"batch annealing, 370°C 1 hour",74.2,N/A,,,,,,,
AA5xxx Card - 026I.docx,AA5xxx,026I,1.00E-08,0.13,0.2,1.00E-08,0.2,4.48,1.00E-08,1.00E-08,1.00E-08,0.005,1.00E-08,1.00E-08,1.00E-08,126,256,,21,1.4,mould casting,40,530°C 5.5 hours,93.8,63,"batch annealing, 370°C 1 hour",16.1,N/A,,,,,,,
AA5xxx Card - 026J.docx,AA5xxx,026J,1.00E-08,0.13,0.2,1.00E-08,0.2,4.48,1.00E-08,1.00E-08,1.00E-08,0.005,1.00E-08,1.00E-08,1.00E-08,98,249,,22,0.1,mould casting,40,530°C 5.5 hours,93.8,20,"batch annealing, 370°C 1 hour",68.1,N/A,,,,,,,
AA5xxx Card - 026K.docx,AA5xxx,026K,1.00E-08,0.13,0.18,0.15,0.42,4.62,1.00E-08,1.00E-08,1.00E-08,0.005,1.00E-08,1.00E-08,1.00E-08,144,292,,21,1.4,mould casting,40,480°C 24 hours + 490°C 24 hours,93.8,63,"batch annealing, 370°C 1 hour",13.7,N/A,,,,,,,
AA5xxx Card - 026L.docx,AA5xxx,026L,1.00E-08,0.13,0.18,0.15,0.42,4.62,1.00E-08,1.00E-08,1.00E-08,0.005,1.00E-08,1.00E-08,1.00E-08,121,292,,21,0.2,mould casting,40,480°C 24 hours + 490°C 24 hours,93.8,20,"batch annealing, 370°C 1 hour",37.2,N/A,,,,,,,
AA5xxx Card - 026M.docx,AA5xxx,026M,1.00E-08,0.14,0.3,0.75,0.31,4.69,1.00E-08,1.00E-08,1.00E-08,0.005,1.00E-08,1.00E-08,1.00E-08,139,287,,19,0.9,mould casting,40,480°C 24 hours + 490°C 24 hours,93.8,63,"batch annealing, 370°C 1 hour",13,N/A,,,,,,,
AA5xxx Card - 026N.docx,AA5xxx,026N,1.00E-08,0.13,0.18,1.00E-08,0.4,4.53,1.00E-08,1.00E-08,0.24,0.005,1.00E-08,1.00E-08,1.00E-08,133,276,,21,1,mould casting,40,460°C 24 hours,93.8,63,"batch annealing, 370°C 1 hour",15.7,N/A,,,,,,,
AA5xxx Card - 026O.docx,AA5xxx,026O,1.00E-08,0.13,0.18,1.00E-08,0.4,4.53,1.00E-08,1.00E-08,0.24,0.005,1.00E-08,1.00E-08,1.00E-08,109,265,,23,0.3,mould casting,40,460°C 24 hours,93.8,20,"batch annealing, 370°C 1 hour",38.4,N/A,,,,,,,
AA5xxx Card - 026P.docx,AA5xxx,026P,1.00E-08,0.13,0.19,1.00E-08,0.42,4.57,1.00E-08,1.00E-08,2.08,0.005,1.00E-08,1.00E-08,1.00E-08,118,279,,18,0.4,mould casting,40,460°C 24 hours,93.8,63,"batch annealing, 370°C 1 hour",16,N/A,,,,,,,
AA5xxx Card - 026Q.docx,AA5xxx,026Q,1.00E-08,0.13,0.19,1.00E-08,0.42,4.57,1.00E-08,1.00E-08,2.08,0.005,1.00E-08,1.00E-08,1.00E-08,103,268,,17,0,mould casting,40,460°C 24 hours,93.8,20,"batch annealing, 370°C 1 hour",52.6,N/A,,,,,,,
AA5xxx Card - 026R.docx,AA5xxx,026R,1.00E-08,0.14,0.32,1.00E-08,0.34,4.72,1.00E-08,1.00E-08,1.00E-08,0.005,0.15,1.00E-08,1.00E-08,118,279,,18,1.1,mould casting,40,350°C 4 hours + 480°C 24 hours + 490°C 24 hours,93.8,63,"batch annealing, 370°C 1 hour",17.7,N/A,,,,,,,
AA5xxx Card - 026S.docx,AA5xxx,026S,1.00E-08,0.14,0.32,1.00E-08,0.34,4.72,1.00E-08,1.00E-08,1.00E-08,0.005,0.15,1.00E-08,1.00E-08,103,268,,17,0.2,mould casting,40,350°C 4 hours + 480°C 24 hours + 490°C 24 hours,93.8,20,"batch annealing, 370°C 1 hour",18.9,N/A,,,,,,,
AA5xxx Card - 027A.docx,AA5xxx,027A,1.00E-08,0.13,0.19,1.00E-08,0.41,4.57,1.00E-08,1.00E-08,1.00E-08,0.005,1.00E-08,1.00E-08,1.00E-08,120,268,,24,0.7,mould casting,40,530°C 5.5 hours,93.8,63,"flash annealing, 500°C 5 minutes",15.2,N/A,,,,,,,
AA5xxx Card - 027B.docx,AA5xxx,027B,1.00E-08,0.13,0.19,1.00E-08,0.41,4.57,1.00E-08,1.00E-08,1.00E-08,0.005,1.00E-08,1.00E-08,1.00E-08,108,262,,23,0,mould casting,40,530°C 5.5 hours,93.8,20,"flash annealing, 500°C 5 minutes",34.1,N/A,,,,,,,
AA5xxx Card - 027C.docx,AA5xxx,027C,1.00E-08,0.14,0.2,1.00E-08,0.42,4.16,1.00E-08,1.00E-08,1.00E-08,0.005,1.00E-08,1.00E-08,1.00E-08,116,258,,22,0.5,mould casting,40,530°C 5.5 hours,93.8,63,"flash annealing, 500°C 5 minutes",16,N/A,,,,,,,
AA5xxx Card - 027D.docx,AA5xxx,027D,1.00E-08,0.14,0.2,1.00E-08,0.42,4.16,1.00E-08,1.00E-08,1.00E-08,0.005,1.00E-08,1.00E-08,1.00E-08,102,247,,23,0,mould casting,40,530°C 5.5 hours,93.8,20,"flash annealing, 500°C 5 minutes",35.8,N/A,,,,,,,
AA5xxx Card - 027E.docx,AA5xxx,027E,1.00E-08,0.13,0.19,1.00E-08,0.43,3.6,1.00E-08,1.00E-08,1.00E-08,0.005,1.00E-08,1.00E-08,1.00E-08,108,244,,23,0.6,mould casting,40,530°C 5.5 hours,93.8,63,"flash annealing, 500°C 5 minutes",15,N/A,,,,,,,
AA5xxx Card - 027F.docx,AA5xxx,027F,1.00E-08,0.13,0.19,1.00E-08,0.43,3.6,1.00E-08,1.00E-08,1.00E-08,0.005,1.00E-08,1.00E-08,1.00E-08,98,237,,22,0,mould casting,40,530°C 5.5 hours,93.8,20,"flash annealing, 500°C 5 minutes",40.3,N/A,,,,,,,
AA5xxx Card - 027G.docx,AA5xxx,027G,1.00E-08,0.13,0.2,1.00E-08,0.34,4.89,1.00E-08,1.00E-08,1.00E-08,0.005,1.00E-08,1.00E-08,1.00E-08,116,163,,23,0.4,mould casting,40,530°C 5.5 hours,93.8,63,"flash annealing, 500°C 5 minutes",17.1,N/A,,,,,,,
AA5xxx Card - 027H.docx,AA5xxx,027H,1.00E-08,0.13,0.2,1.00E-08,0.34,4.89,1.00E-08,1.00E-08,1.00E-08,0.005,1.00E-08,1.00E-08,1.00E-08,114,268,,23,0,mould casting,40,530°C 5.5 hours,93.8,20,"flash annealing, 500°C 5 minutes",36.8,N/A,,,,,,,
AA5xxx Card - 027I.docx,AA5xxx,027I,1.00E-08,0.13,0.2,1.00E-08,0.2,4.48,1.00E-08,1.00E-08,1.00E-08,0.005,1.00E-08,1.00E-08,1.00E-08,100,248,,22,0.2,mould casting,40,530°C 5.5 hours,93.8,63,"flash annealing, 500°C 5 minutes",26.7,N/A,,,,,,,
AA5xxx Card - 027J.docx,AA5xxx,027J,1.00E-08,0.13,0.2,1.00E-08,0.2,4.48,1.00E-08,1.00E-08,1.00E-08,0.005,1.00E-08,1.00E-08,1.00E-08,97,241,,25,0,mould casting,40,530°C 5.5 hours,93.8,20,"flash annealing, 500°C 5 minutes",38.9,N/A,,,,,,,
AA5xxx Card - 027K.docx,AA5xxx,027K,1.00E-08,0.13,0.18,0.15,0.42,4.62,1.00E-08,1.00E-08,1.00E-08,0.005,1.00E-08,1.00E-08,1.00E-08,121,280,,26,0.5,mould casting,40,480°C 24 hours + 490°C 24 hours,93.8,63,"flash annealing, 500°C 5 minutes",23.2,N/A,,,,,,,
AA5xxx Card - 027L.docx,AA5xxx,027L,1.00E-08,0.13,0.18,0.15,0.42,4.62,1.00E-08,1.00E-08,1.00E-08,0.005,1.00E-08,1.00E-08,1.00E-08,116,288,,23,0,mould casting,40,480°C 24 hours + 490°C 24 hours,93.8,20,"flash annealing, 500°C 5 minutes",30.7,N/A,,,,,,,
AA5xxx Card - 027M.docx,AA5xxx,027M,1.00E-08,0.14,0.3,0.75,0.31,4.69,1.00E-08,1.00E-08,1.00E-08,0.005,1.00E-08,1.00E-08,1.00E-08,135,303,,25,0.4,mould casting,40,480°C 24 hours + 490°C 24 hours,93.8,63,"flash annealing, 500°C 5 minutes",21.3,N/A,,,,,,,
AA5xxx Card - 027N.docx,AA5xxx,027N,1.00E-08,0.13,0.18,1.00E-08,0.4,4.53,1.00E-08,1.00E-08,0.24,0.005,1.00E-08,1.00E-08,1.00E-08,124,272,,24,0.5,mould casting,40,460°C 24 hours,93.8,63,"flash annealing, 500°C 5 minutes",14.3,N/A,,,,,,,
AA5xxx Card - 027O.docx,AA5xxx,027O,1.00E-08,0.13,0.18,1.00E-08,0.4,4.53,1.00E-08,1.00E-08,0.24,0.005,1.00E-08,1.00E-08,1.00E-08,110,269,,24,0,mould casting,40,460°C 24 hours,93.8,20,"flash annealing, 500°C 5 minutes",31.4,N/A,,,,,,,
AA5xxx Card - 027P.docx,AA5xxx,027P,1.00E-08,0.13,0.19,1.00E-08,0.42,4.57,1.00E-08,1.00E-08,2.08,0.005,1.00E-08,1.00E-08,1.00E-08,195,362,,24,0.8,mould casting,40,460°C 24 hours,93.8,63,"flash annealing, 500°C 5 minutes",11.4,N/A,,,,,,,
AA5xxx Card - 027Q.docx,AA5xxx,027Q,1.00E-08,0.13,0.19,1.00E-08,0.42,4.57,1.00E-08,1.00E-08,2.08,0.005,1.00E-08,1.00E-08,1.00E-08,183,368,,20,0,mould casting,40,460°C 24 hours,93.8,20,"flash annealing, 500°C 5 minutes",28,N/A,,,,,,,
AA5xxx Card - 027R.docx,AA5xxx,027R,1.00E-08,0.14,0.32,1.00E-08,0.34,4.72,1.00E-08,1.00E-08,1.00E-08,0.005,0.15,1.00E-08,1.00E-08,195,362,,24,1,mould casting,40,350°C 4 hours + 480°C 24 hours + 490°C 24 hours,93.8,63,"flash annealing, 500°C 5 minutes",11,N/A,,,,,,,
AA5xxx Card - 027S.docx,AA5xxx,027S,1.00E-08,0.14,0.32,1.00E-08,0.34,4.72,1.00E-08,1.00E-08,1.00E-08,0.005,0.15,1.00E-08,1.00E-08,183,368,,20,0,mould casting,40,350°C 4 hours + 480°C 24 hours + 490°C 24 hours,93.8,20,"flash annealing, 500°C 5 minutes",19.1,N/A,,,,,,,
AA5xxx Card - 028A.docx,AA5xxx,028A,1.00E-08,0.1,0.2,1.00E-08,0.05,1.15,1.00E-08,1.00E-08,1.00E-08,0.005,1.00E-08,1.00E-08,1.00E-08,50,120,,28,0,DC,550,520°C > 5 hours,99,75,"batch annealing, 350°C 2 hours",35,N/A,,,,,,,
AA5xxx Card - 028B.docx,AA5xxx,028B,1.00E-08,0.1,0.2,1.00E-08,0.4,2.2,1.00E-08,1.00E-08,1.00E-08,0.005,1.00E-08,1.00E-08,1.00E-08,90,190,,23,,DC,550,520°C > 5 hours,99,75,"batch annealing, 350°C 2 hours",30,N/A,,,,,,,
AA5xxx Card - 028C.docx,AA5xxx,028C,1.00E-08,0.1,0.2,1.00E-08,0.45,3.5,1.00E-08,1.00E-08,1.00E-08,0.005,1.00E-08,1.00E-08,1.00E-08,120,235,,22,,DC,550,520°C > 5 hours,99,75,"batch annealing, 350°C 2 hours",12.5,N/A,,,,,,,
AA5xxx Card - 028D.docx,AA5xxx,028D,1.00E-08,0.1,0.2,1.00E-08,0.65,4.2,1.00E-08,1.00E-08,1.00E-08,0.06,1.00E-08,1.00E-08,1.00E-08,140,270,,23,,DC,550,520°C > 5 hours,99,75,"batch annealing, 350°C 2 hours",25,N/A,,,,,,,
AA5xxx Card - 028E.docx,AA5xxx,028E,1.00E-08,0.1,0.2,1.00E-08,0.55,5.3,1.00E-08,1.00E-08,1.00E-08,0.06,1.00E-08,1.00E-08,1.00E-08,170,300,,20,,DC,550,520°C > 5 hours,99,75,"batch annealing, 350°C 2 hours",???,N/A,,,,,,,
AA5xxx Card - 028F.docx,AA5xxx,028F,1.00E-08,0.1,0.2,1.00E-08,0.65,6.3,1.00E-08,1.00E-08,1.00E-08,0.06,1.00E-08,1.00E-08,1.00E-08,180,340,,20,,DC,550,520°C > 5 hours,99,75,"batch annealing, 350°C 2 hours",???,N/A,,,,,,,
AA5xxx Card - 029A.docx,AA5xxx,029A,1.00E-08,0.08,0.1,0.1,0.03,0.8,1.00E-08,1.00E-08,1.00E-08,0.005,1.00E-08,1.00E-08,1.00E-08,70.3,123.4,,21.2,0,DC,635,540°C > 5 hours,99.4,80,"batch annealing, 275°C 8 hours",20.7,N/A,,,,,,,
AA5xxx Card - 029B.docx,AA5xxx,029B,1.00E-08,0.08,0.1,0.1,0.03,0.8,1.00E-08,1.00E-08,1.00E-08,0.005,1.00E-08,1.00E-08,1.00E-08,60,120,,23.1,0,DC,635,540°C > 5 hours,99.4,80,"batch annealing, 275°C 10 hours",24,N/A,,,,,,,
AA5xxx Card - 029C.docx,AA5xxx,029C,1.00E-08,0.08,0.1,0.1,0.03,0.8,1.00E-08,1.00E-08,1.00E-08,0.005,1.00E-08,1.00E-08,1.00E-08,52.4,116.5,,22.8,0,DC,635,540°C > 5 hours,99.4,80,"batch annealing, 275°C 12 hours",26,N/A,,,,,,,
AA5xxx Card - 029D.docx,AA5xxx,029D,1.00E-08,0.08,0.1,0.1,0.03,0.8,1.00E-08,1.00E-08,1.00E-08,0.005,1.00E-08,1.00E-08,1.00E-08,49,115.1,,23.7,0,DC,635,540°C > 5 hours,99.4,80,"batch annealing, 295°C 2 hours",27.8,N/A,,,,,,,
AA5xxx Card - 029E.docx,AA5xxx,029E,1.00E-08,0.08,0.1,0.1,0.03,0.8,1.00E-08,1.00E-08,1.00E-08,0.005,1.00E-08,1.00E-08,1.00E-08,40.7,111.7,,26.8,0,DC,635,540°C > 5 hours,99.4,80,"batch annealing, 305°C 2 hours",30.7,N/A,,,,,,,
AA5xxx Card - 030A.docx,AA5xxx,030A,1.00E-08,0.09,0.2,0.04,0.05,2.3,0.19,1.00E-08,0.01,0.01,1.00E-08,1.00E-08,1.00E-08,169.25,228.34,,12,0,DC,635,540°C > 5 hours,99.4,78,"batch annealing, 350°C 2 hours",26.5,N/A,,,,,,,
AA5xxx Card - 031A.docx,AA5xxx,031A,1.00E-08,0.11,0.33,0.02,0.08,2.37,0.2,1.00E-08,1.00E-08,0.005,1.00E-08,1.00E-08,1.00E-08,139.67,225.61,,17.6,0,DC,635,540°C > 5 hours,99.4,70,"batch annealing, 350°C 2 hours",30,N/A,,,,,,,
AA5xxx Card - 031B.docx,AA5xxx,031B,1.00E-08,0.11,0.31,0.02,0.07,2.35,0.21,1.00E-08,1.00E-08,0.005,1.00E-08,1.00E-08,1.00E-08,137.12,221.38,,17.9,0,DC,635,540°C > 5 hours,99.4,70,"batch annealing, 350°C 2 hours",30,N/A,,,,,,,
AA5xxx Card - 032A.docx,AA5xxx,032A,1.00E-08,0.1,0.2,1.00E-08,0.6,5.8,1.00E-08,1.00E-08,1.00E-08,0.005,1.00E-08,1.00E-08,1.00E-08,191.6,348.8,,24.5,,DC,635,540°C > 5 hours,99.4,90,"flash annealing, 400°C 1 hour",5.3,N/A,,,,,,,
AA5xxx Card - 032B.docx,AA5xxx,032B,1.00E-08,0.1,0.2,1.00E-08,0.6,5.8,1.00E-08,1.00E-08,1.00E-08,0.005,1.00E-08,1.00E-08,1.00E-08,169.1,318.8,,24,,DC,635,540°C > 5 hours,99.4,90,"flash annealing, 450°C 1 hour",5.7,N/A,,,,,,,
AA5xxx Card - 032C.docx,AA5xxx,032C,1.00E-08,0.1,0.2,1.00E-08,0.6,5.8,1.00E-08,1.00E-08,1.00E-08,0.005,1.00E-08,1.00E-08,1.00E-08,148.8,284.9,,24.5,,DC,635,540°C > 5 hours,99.4,90,"flash annealing, 500°C 1 hour",6.7,N/A,,,,,,,
AA5xxx Card - 032D.docx,AA5xxx,032D,1.00E-08,0.1,0.2,1.00E-08,0.6,5.8,1.00E-08,1.00E-08,1.00E-08,0.005,1.00E-08,1.00E-08,1.00E-08,132.3,269.2,,24.4,,DC,635,540°C > 5 hours,99.4,90,"flash annealing, 525°C 1 hour",7.6,N/A,,,,,,,
AA5xxx Card - 033A.docx,AA5xxx,033A,1.00E-08,0.11,0.21,0.04,0.35,4.6,0.01,1.00E-08,1.00E-08,0.005,1.00E-08,1.00E-08,1.00E-08,155,312.5,,22,,DC,635,540°C > 5 hours,99.5,52.5,"flash annealing, 350°C 1 hour",25.2,N/A,,,,,,,
AA5xxx Card - 033B.docx,AA5xxx,033B,1.00E-08,0.11,0.21,0.04,0.35,4.6,0.01,1.00E-08,1.00E-08,0.005,1.00E-08,1.00E-08,1.00E-08,161,311.5,,20,,DC,635,540°C > 5 hours,99.5,92,"flash annealing, 350°C 1 hour",15,N/A,,,,,,,
AA5xxx Card - 034A.docx,AA5xxx,034A,1.00E-08,0.08,0.22,0.04,0.33,4.35,0.01,1.00E-08,1.00E-08,0.005,1.00E-08,1.00E-08,1.00E-08,150,300,,21,,DC,635,540°C > 5 hours,99.5,71.2,"flash annealing, 260°C 3 hours",9.9,N/A,,,,,,,
AA5xxx Card - 034B.docx,AA5xxx,034B,1.00E-08,0.08,0.22,0.04,0.33,4.35,0.01,1.00E-08,1.00E-08,0.005,1.00E-08,1.00E-08,1.00E-08,150,300,,22,,DC,635,540°C > 5 hours,99.5,71.2,"flash annealing, 313°C 3 hours",12.5,N/A,,,,,,,
AA5xxx Card - 034C.docx,AA5xxx,034C,1.00E-08,0.08,0.22,0.04,0.33,4.35,0.01,1.00E-08,1.00E-08,0.005,1.00E-08,1.00E-08,1.00E-08,150,300,,22.5,,DC,635,540°C > 5 hours,99.5,71.2,"flash annealing, 371°C 3 hours",14.4,N/A,,,,,,,
AA5xxx Card - 034D.docx,AA5xxx,034D,1.00E-08,0.08,0.22,0.04,0.33,4.35,0.01,1.00E-08,1.00E-08,0.005,1.00E-08,1.00E-08,1.00E-08,154,299,,21.5,,DC,635,540°C > 5 hours,99.5,71.2,"flash annealing, 288°C 3 hours",10,N/A,,,,,,,
AA5xxx Card - 034E.docx,AA5xxx,034E,1.00E-08,0.08,0.22,0.04,0.33,4.35,0.01,1.00E-08,1.00E-08,0.005,1.00E-08,1.00E-08,1.00E-08,150,290,,21.5,,DC,635,540°C > 5 hours,99.5,71.2,"flash annealing, 313°C 3 hours",10,N/A,,,,,,,
AA5xxx Card - 034F.docx,AA5xxx,034F,1.00E-08,0.08,0.22,0.04,0.33,4.35,0.01,1.00E-08,1.00E-08,0.005,1.00E-08,1.00E-08,1.00E-08,145,285,,22.5,,DC,635,540°C > 5 hours,99.5,71.2,"flash annealing, 371°C 3 hours",10.6,N/A,,,,,,,
AA5xxx Card - 035A.docx,AA5xxx,035A,1.00E-08,0.03,0.21,0.04,0.34,4.3,0.01,1.00E-08,1.00E-08,0.005,1.00E-08,1.00E-08,1.00E-08,128,282,23.4,25.4,,DC,635,540°C > 5 hours,99.5,65,"batch annealing, 350°C 2 hours",34,N/A,,,,,,,
AA5xxx Card - 035B.docx,AA5xxx,035B,1.00E-08,0.03,0.21,0.04,0.34,4.3,0.01,1.00E-08,1.00E-08,0.005,1.00E-08,1.00E-08,1.00E-08,159,304,,21.5,,DC,635,540°C > 5 hours,99.6,10,"flash annealing, 350°C 1 minute",28,N/A,,,,,,,
AA5xxx Card - 035C.docx,AA5xxx,035C,1.00E-08,0.03,0.21,0.04,0.34,4.3,0.01,1.00E-08,1.00E-08,0.005,1.00E-08,1.00E-08,1.00E-08,155,300,,18,,DC,635,540°C > 5 hours,99.6,10,"flash annealing, 350°C 3 minutes",,N/A,,,,,,,
AA5xxx Card - 035D.docx,AA5xxx,035D,1.00E-08,0.03,0.21,0.04,0.34,4.3,0.01,1.00E-08,1.00E-08,0.005,1.00E-08,1.00E-08,1.00E-08,155.5,301,,21.5,,DC,635,540°C > 5 hours,99.6,10,"flash annealing, 350°C 5 minutes",30,N/A,,,,,,,
AA5xxx Card - 035E.docx,AA5xxx,035E,1.00E-08,0.03,0.21,0.04,0.34,4.3,0.01,1.00E-08,1.00E-08,0.005,1.00E-08,1.00E-08,1.00E-08,149,294,,17,,DC,635,540°C > 5 hours,99.6,10,"flash annealing, 350°C 10 minutes",,N/A,,,,,,,
AA5xxx Card - 035F.docx,AA5xxx,035F,1.00E-08,0.03,0.21,0.04,0.34,4.3,0.01,1.00E-08,1.00E-08,0.005,1.00E-08,1.00E-08,1.00E-08,116,261,,22.5,,DC,635,540°C > 5 hours,99.6,10,"flash annealing, 350°C 20 minutes",42,N/A,,,,,,,
AA5xxx Card - 035G.docx,AA5xxx,035G,1.00E-08,0.03,0.21,0.04,0.34,4.3,0.01,1.00E-08,1.00E-08,0.005,1.00E-08,1.00E-08,1.00E-08,174,319,,20,,DC,635,540°C > 5 hours,99.6,15,"flash annealing, 350°C 1 minute",,N/A,,,,,,,
AA5xxx Card - 035H.docx,AA5xxx,035H,1.00E-08,0.03,0.21,0.04,0.34,4.3,0.01,1.00E-08,1.00E-08,0.005,1.00E-08,1.00E-08,1.00E-08,138,283,,18,,DC,635,540°C > 5 hours,99.6,15,"flash annealing, 350°C 3 minutes",,N/A,,,,,,,
AA5xxx Card - 035I.docx,AA5xxx,035I,1.00E-08,0.03,0.21,0.04,0.34,4.3,0.01,1.00E-08,1.00E-08,0.005,1.00E-08,1.00E-08,1.00E-08,120,265,,18,,DC,635,540°C > 5 hours,99.6,15,"flash annealing, 350°C 5 minutes",,N/A,,,,,,,
AA5xxx Card - 035J.docx,AA5xxx,035J,1.00E-08,0.03,0.21,0.04,0.34,4.3,0.01,1.00E-08,1.00E-08,0.005,1.00E-08,1.00E-08,1.00E-08,105,250,,23,,DC,635,540°C > 5 hours,99.6,15,"flash annealing, 350°C 10 minutes",,N/A,,,,,,,
AA5xxx Card - 035K.docx,AA5xxx,035K,1.00E-08,0.03,0.21,0.04,0.34,4.3,0.01,1.00E-08,1.00E-08,0.005,1.00E-08,1.00E-08,1.00E-08,105,250,,24,,DC,635,540°C > 5 hours,99.6,15,"flash annealing, 350°C 20 minutes",,N/A,,,,,,,
AA5xxx Card - 035L.docx,AA5xxx,035L,1.00E-08,0.03,0.21,0.04,0.34,4.3,0.01,1.00E-08,1.00E-08,0.005,1.00E-08,1.00E-08,1.00E-08,175,320,,15,,DC,635,540°C > 5 hours,99.6,20,"flash annealing, 350°C 1 minute",,N/A,,,,,,,
AA5xxx Card - 035M.docx,AA5xxx,035M,1.00E-08,0.03,0.21,0.04,0.34,4.3,0.01,1.00E-08,1.00E-08,0.005,1.00E-08,1.00E-08,1.00E-08,120,265,,17,,DC,635,540°C > 5 hours,99.6,20,"flash annealing, 350°C 3 minutes",,N/A,,,,,,,
AA5xxx Card - 035N.docx,AA5xxx,035N,1.00E-08,0.03,0.21,0.04,0.34,4.3,0.01,1.00E-08,1.00E-08,0.005,1.00E-08,1.00E-08,1.00E-08,115.5,261,,19,,DC,635,540°C > 5 hours,99.6,20,"flash annealing, 350°C 5 minutes",,N/A,,,,,,,
AA5xxx Card - 035O.docx,AA5xxx,035O,1.00E-08,0.03,0.21,0.04,0.34,4.3,0.01,1.00E-08,1.00E-08,0.005,1.00E-08,1.00E-08,1.00E-08,115.5,261,,15.5,,DC,635,540°C > 5 hours,99.6,20,"flash annealing, 350°C 10 minutes",,N/A,,,,,,,
AA5xxx Card - 035P.docx,AA5xxx,035P,1.00E-08,0.03,0.21,0.04,0.34,4.3,0.01,1.00E-08,1.00E-08,0.005,1.00E-08,1.00E-08,1.00E-08,115,260,,21,,DC,635,540°C > 5 hours,99.6,20,"flash annealing, 350°C 20 minutes",,N/A,,,,,,,
AA5xxx Card - 035Q.docx,AA5xxx,035Q,1.00E-08,0.03,0.21,0.04,0.34,4.3,0.01,1.00E-08,1.00E-08,0.005,1.00E-08,1.00E-08,1.00E-08,135.5,281,,24,,DC,635,540°C > 5 hours,99.6,5,"flash annealing, 350°C 1 minute",,N/A,,,,,,,
AA5xxx Card - 035R.docx,AA5xxx,035R,1.00E-08,0.03,0.21,0.04,0.34,4.3,0.01,1.00E-08,1.00E-08,0.005,1.00E-08,1.00E-08,1.00E-08,134.5,280,,24,,DC,635,540°C > 5 hours,99.6,5,"flash annealing, 350°C 3 minutes",,N/A,,,,,,,
AA5xxx Card - 035S.docx,AA5xxx,035S,1.00E-08,0.03,0.21,0.04,0.34,4.3,0.01,1.00E-08,1.00E-08,0.005,1.00E-08,1.00E-08,1.00E-08,133.5,279,,22,,DC,635,540°C > 5 hours,99.6,5,"flash annealing, 350°C 5 minutes",,N/A,,,,,,,
AA5xxx Card - 035T.docx,AA5xxx,035T,1.00E-08,0.03,0.21,0.04,0.34,4.3,0.01,1.00E-08,1.00E-08,0.005,1.00E-08,1.00E-08,1.00E-08,134,279,,22.5,,DC,635,540°C > 5 hours,99.6,5,"flash annealing, 350°C 10 minutes",,N/A,,,,,,,
AA5xxx Card - 035U.docx,AA5xxx,035U,1.00E-08,0.03,0.21,0.04,0.34,4.3,0.01,1.00E-08,1.00E-08,0.005,1.00E-08,1.00E-08,1.00E-08,132,277,,22,,DC,635,540°C > 5 hours,99.6,5,"flash annealing, 350°C 20 minutes",,N/A,,,,,,,
AA5xxx Card - 036A.docx,AA5xxx,036A,1.00E-08,0.03,0.21,0.04,0.34,4.3,0.01,1.00E-08,1.00E-08,0.005,1.00E-08,1.00E-08,1.00E-08,134,275,,19,,DC,635,540°C > 5 hours,99.6,5,"flash annealing, 400°C 1 minute",17,N/A,,,,,,,
AA5xxx Card - 036B.docx,AA5xxx,036B,1.00E-08,0.03,0.21,0.04,0.34,4.3,0.01,1.00E-08,1.00E-08,0.005,1.00E-08,1.00E-08,1.00E-08,131.5,276,,22.5,,DC,635,540°C > 5 hours,99.6,5,"flash annealing, 400°C 3 minutes",17.5,N/A,,,,,,,
AA5xxx Card - 036C.docx,AA5xxx,036C,1.00E-08,0.03,0.21,0.04,0.34,4.3,0.01,1.00E-08,1.00E-08,0.005,1.00E-08,1.00E-08,1.00E-08,134,279,,22.5,,DC,635,540°C > 5 hours,99.6,5,"flash annealing, 400°C 5 minutes",16,N/A,,,,,,,
AA5xxx Card - 036D.docx,AA5xxx,036D,1.00E-08,0.03,0.21,0.04,0.34,4.3,0.01,1.00E-08,1.00E-08,0.005,1.00E-08,1.00E-08,1.00E-08,130,275,,21.5,,DC,635,540°C > 5 hours,99.6,5,"flash annealing, 400°C 10 minutes",17.5,N/A,,,,,,,
AA5xxx Card - 036E.docx,AA5xxx,036E,1.00E-08,0.03,0.21,0.04,0.34,4.3,0.01,1.00E-08,1.00E-08,0.005,1.00E-08,1.00E-08,1.00E-08,134,280,,22.5,,DC,635,540°C > 5 hours,99.6,10,"flash annealing, 400°C 1 minute",16.5,N/A,,,,,,,
AA5xxx Card - 036F.docx,AA5xxx,036F,1.00E-08,0.03,0.21,0.04,0.34,4.3,0.01,1.00E-08,1.00E-08,0.005,1.00E-08,1.00E-08,1.00E-08,105,254,,22,,DC,635,540°C > 5 hours,99.6,10,"flash annealing, 400°C 3 minutes",43,N/A,,,,,,,
AA5xxx Card - 036G.docx,AA5xxx,036G,1.00E-08,0.03,0.21,0.04,0.34,4.3,0.01,1.00E-08,1.00E-08,0.005,1.00E-08,1.00E-08,1.00E-08,104,252,,23,,DC,635,540°C > 5 hours,99.6,10,"flash annealing, 400°C 5 minutes",45,N/A,,,,,,,
AA5xxx Card - 036H.docx,AA5xxx,036H,1.00E-08,0.03,0.21,0.04,0.34,4.3,0.01,1.00E-08,1.00E-08,0.005,1.00E-08,1.00E-08,1.00E-08,105,255,,24,,DC,635,540°C > 5 hours,99.6,10,"flash annealing, 400°C 10 minutes",45,N/A,,,,,,,
AA5xxx Card - 036I.docx,AA5xxx,036I,1.00E-08,0.03,0.21,0.04,0.34,4.3,0.01,1.00E-08,1.00E-08,0.005,1.00E-08,1.00E-08,1.00E-08,107.5,258,,22.5,,DC,635,540°C > 5 hours,99.6,15,"flash annealing, 400°C 1 minute",45,N/A,,,,,,,
AA5xxx Card - 036J.docx,AA5xxx,036J,1.00E-08,0.03,0.21,0.04,0.34,4.3,0.01,1.00E-08,1.00E-08,0.005,1.00E-08,1.00E-08,1.00E-08,106,253,,22.5,,DC,635,540°C > 5 hours,99.6,15,"flash annealing, 400°C 3 minutes",48,N/A,,,,,,,
AA5xxx Card - 036K.docx,AA5xxx,036K,1.00E-08,0.03,0.21,0.04,0.34,4.3,0.01,1.00E-08,1.00E-08,0.005,1.00E-08,1.00E-08,1.00E-08,108,260,,22.5,,DC,635,540°C > 5 hours,99.6,15,"flash annealing, 400°C 5 minutes",44,N/A,,,,,,,
AA5xxx Card - 036L.docx,AA5xxx,036L,1.00E-08,0.03,0.21,0.04,0.34,4.3,0.01,1.00E-08,1.00E-08,0.005,1.00E-08,1.00E-08,1.00E-08,106.5,260,,22,,DC,635,540°C > 5 hours,99.6,15,"flash annealing, 400°C 10 minutes",40,N/A,,,,,,,
AA5xxx Card - 036M.docx,AA5xxx,036M,1.00E-08,0.03,0.21,0.04,0.34,4.3,0.01,1.00E-08,1.00E-08,0.005,1.00E-08,1.00E-08,1.00E-08,115,259,,18,,DC,635,540°C > 5 hours,99.6,20,"flash annealing, 400°C 1 minute",23,N/A,,,,,,,
AA5xxx Card - 036N.docx,AA5xxx,036N,1.00E-08,0.03,0.21,0.04,0.34,4.3,0.01,1.00E-08,1.00E-08,0.005,1.00E-08,1.00E-08,1.00E-08,115,260,,18,,DC,635,540°C > 5 hours,99.6,20,"flash annealing, 400°C 3 minutes",23,N/A,,,,,,,
AA5xxx Card - 036O.docx,AA5xxx,036O,1.00E-08,0.03,0.21,0.04,0.34,4.3,0.01,1.00E-08,1.00E-08,0.005,1.00E-08,1.00E-08,1.00E-08,115,260,,21,,DC,635,540°C > 5 hours,99.6,20,"flash annealing, 400°C 5 minutes",23,N/A,,,,,,,
AA5xxx Card - 036P.docx,AA5xxx,036P,1.00E-08,0.03,0.21,0.04,0.34,4.3,0.01,1.00E-08,1.00E-08,0.005,1.00E-08,1.00E-08,1.00E-08,115,260,,20,,DC,635,540°C > 5 hours,99.6,20,"flash annealing, 400°C 10 minutes",23,N/A,,,,,,,
AA5xxx Card - 037A.docx,AA5xxx,037A,1.00E-08,0.11,0.33,0.02,0.08,2.37,0.2,1.00E-08,1.00E-08,0.005,1.00E-08,1.00E-08,1.00E-08,139,225,,17.6,0,DC,635,540°C > 5 hours,99.5,60,"batch annealing, 350°C 2 hours",30,N/A,,,,,,,
AA5xxx Card - 037B.docx,AA5xxx,037B,1.00E-08,0.13,0.31,0.02,0.07,2.35,0.21,1.00E-08,1.00E-08,0.005,1.00E-08,1.00E-08,1.00E-08,137.12,221.38,,17.9,0,DC,635,540°C > 5 hours,99.5,60,"batch annealing, 350°C 2 hours",30,N/A,,,,,,,
AA5xxx Card - 038A.docx,AA5xxx,038A,1.00E-08,0.1,0.2,1.00E-08,0.4,3.1,1.00E-08,1.00E-08,1.00E-08,0.005,1.00E-08,1.00E-08,1.00E-08,140,250,,20.5,,DC,635,540°C > 5 hours,99,65,"Batch annealing, 300°C 2 hours",11,N/A,,,,,,,
AA5xxx Card - 038B.docx,AA5xxx,038B,1.00E-08,0.1,0.2,1.00E-08,0.4,3.1,1.00E-08,1.00E-08,1.00E-08,0.005,1.00E-08,1.00E-08,1.00E-08,135,248,,20,,DC,635,540°C > 5 hours,99,65,"Batch annealing, 350°C 2 hours",6,N/A,,,,,,,
AA5xxx Card - 038C.docx,AA5xxx,038C,1.00E-08,0.1,0.2,1.00E-08,0.4,3.1,1.00E-08,1.00E-08,1.00E-08,0.005,1.00E-08,1.00E-08,1.00E-08,130,246,,22,,DC,635,540°C > 5 hours,99,65,"Batch annealing, 400°C 2 hours",6.6,N/A,,,,,,,
AA5xxx Card - 039A.docx,AA5xxx,039A,1.00E-08,0.11,0.31,0.02,0.08,2.37,0.22,1.00E-08,1.00E-08,0.005,1.00E-08,1.00E-08,1.00E-08,140,210,,17,0,DC,635,470°C 6 hours,99.5,45,"batch annealing, 370°C 2 hours",31.2,N/A,,,,,,,
AA5xxx Card - 039B.docx,AA5xxx,039B,1.00E-08,0.11,0.31,0.02,0.08,2.37,0.22,1.00E-08,1.00E-08,0.005,1.00E-08,1.00E-08,1.00E-08,135,210,,17.3,0,DC,635,470°C 6 hours,99.5,45,"batch annealing, 370°C 4 hours",31.2,N/A,,,,,,,
AA5xxx Card - 039C.docx,AA5xxx,039C,1.00E-08,0.11,0.31,0.02,0.08,2.37,0.22,1.00E-08,1.00E-08,0.005,1.00E-08,1.00E-08,1.00E-08,124.5,209,,17.5,0,DC,635,470°C 6 hours,99.5,45,"batch annealing, 370°C 6 hours",33.5,N/A,,,,,,,
AA5xxx Card - 040A.docx,AA5xxx,040A,1.00E-08,0.27,0.31,1.00E-08,0.81,3.01,0.14,1.00E-08,1.00E-08,0.009,1.00E-08,1.00E-08,1.00E-08,237.5,350,,20,0,permanent steel mould,30,425°C 12 hours,88,69,"batch annealing, 300°C 1 hour",17,N/A,,,,,,,
AA5xxx Card - 040B.docx,AA5xxx,040B,1.00E-08,0.27,0.31,1.00E-08,0.81,3.01,0.14,1.00E-08,1.00E-08,0.009,1.00E-08,1.00E-08,1.00E-08,220,350,,20,0,permanent steel mould,30,425°C 12 hours,88,69,"batch annealing, 350°C 1 hour",19,N/A,,,,,,,
AA5xxx Card - 040C.docx,AA5xxx,040C,1.00E-08,0.27,0.31,1.00E-08,0.81,3.01,0.14,1.00E-08,1.00E-08,0.009,1.00E-08,1.00E-08,1.00E-08,220,340,,20.7,0,permanent steel mould,30,425°C 12 hours,88,69,"batch annealing, 400°C 1 hour",20,N/A,,,,,,,
AA5xxx Card - 040D.docx,AA5xxx,040D,1.00E-08,0.27,0.31,1.00E-08,0.81,3.01,0.14,1.00E-08,1.00E-08,0.009,1.00E-08,1.00E-08,1.00E-08,179,337,,25,0,permanent steel mould,30,525°C 2 hours,88,69,"batch annealing, 300°C 1 hour",30,N/A,,,,,,,
AA5xxx Card - 040E.docx,AA5xxx,040E,1.00E-08,0.27,0.31,1.00E-08,0.81,3.01,0.14,1.00E-08,1.00E-08,0.009,1.00E-08,1.00E-08,1.00E-08,174,335,,25.5,0,permanent steel mould,30,525°C 2 hours,88,69,"batch annealing, 350°C 1 hour",38,N/A,,,,,,,
AA5xxx Card - 040F.docx,AA5xxx,040F,1.00E-08,0.27,0.31,1.00E-08,0.81,3.01,0.14,1.00E-08,1.00E-08,0.009,1.00E-08,1.00E-08,1.00E-08,176,332,,25.7,0,permanent steel mould,30,525°C 2 hours,88,69,"batch annealing, 400°C 1 hour",50,N/A,,,,,,,
AA5xxx Card - 041A.docx,AA5xxx,041A,1.00E-08,0.08,0.19,1.00E-08,0.003,2.87,1.00E-08,1.00E-08,1.00E-08,0.001,1.00E-08,1.00E-08,1.00E-08,90,205,22.8,28.7,,DC,95.25,520°C 5.5 hours,99,70,"batch annealing, 350°C 2 hours",16,N/A,,,,,,,
AA5xxx Card - 041B.docx,AA5xxx,041B,1.00E-08,0.07,0.19,1.00E-08,0.2,2.89,1.00E-08,1.00E-08,1.00E-08,0.001,1.00E-08,1.00E-08,1.00E-08,95,215,23.9,28.1,,DC,95.25,520°C 5.5 hours,99,70,"batch annealing, 350°C 2 hours",18.4,N/A,,,,,,,
AA5xxx Card - 041C.docx,AA5xxx,041C,1.00E-08,0.08,0.19,1.00E-08,0.5,2.86,1.00E-08,1.00E-08,1.00E-08,0.001,1.00E-08,1.00E-08,1.00E-08,101,228,20.3,24.2,,DC,95.25,520°C 5.5 hours,99,70,"batch annealing, 350°C 2 hours",19,N/A,,,,,,,
AA5xxx Card - 041D.docx,AA5xxx,041D,1.00E-08,0.08,0.18,1.00E-08,0.78,2.88,1.00E-08,1.00E-08,1.00E-08,0.001,1.00E-08,1.00E-08,1.00E-08,109,244,21.3,24,,DC,95.25,520°C 5.5 hours,99,70,"batch annealing, 350°C 2 hours",14.7,N/A,,,,,,,
AA5xxx Card - 042A.docx,AA5xxx,042A,1.00E-08,0.08,0.18,1.00E-08,0.78,2.88,1.00E-08,1.00E-08,1.00E-08,0.001,1.00E-08,1.00E-08,1.00E-08,108,138,,20,,DC,95.25,520°C 5.5 hours,99,70,"batch annealing, 365°C 2 hours",18.1,N/A,,,,,,,
AA5xxx Card - 042B.docx,AA5xxx,042B,1.00E-08,0.08,0.18,1.00E-08,0.78,2.88,1.00E-08,1.00E-08,1.00E-08,0.001,1.00E-08,1.00E-08,1.00E-08,108,245,21.5,24.5,,DC,95.25,520°C 5.5 hours,99,70,"batch annealing, 350°C 2 hours",15.4,N/A,,,,,,,
AA5xxx Card - 042C.docx,AA5xxx,042C,1.00E-08,0.08,0.18,1.00E-08,0.78,2.88,1.00E-08,1.00E-08,1.00E-08,0.001,1.00E-08,1.00E-08,1.00E-08,111.5,237,,,,DC,95.25,520°C 5.5 hours,99,70,"batch annealing, 340°C 2 hours",14.9,N/A,,,,,,,
AA5xxx Card - 042D.docx,AA5xxx,042D,1.00E-08,0.08,0.18,1.00E-08,0.78,2.88,1.00E-08,1.00E-08,1.00E-08,0.001,1.00E-08,1.00E-08,1.00E-08,116,236,,,,DC,95.25,520°C 5.5 hours,99,70,"batch annealing, 300°C 2 hours",12.9,N/A,,,,,,,
AA5xxx Card - 042E.docx,AA5xxx,042E,1.00E-08,0.08,0.18,1.00E-08,0.78,2.88,1.00E-08,1.00E-08,1.00E-08,0.001,1.00E-08,1.00E-08,1.00E-08,120,245,,,,DC,95.25,520°C 5.5 hours,99,70,"batch annealing, 290°C 2 hours",12.6,N/A,,,,,,,
AA5xxx Card - 042F.docx,AA5xxx,042F,1.00E-08,0.08,0.18,1.00E-08,0.78,2.88,1.00E-08,1.00E-08,1.00E-08,0.001,1.00E-08,1.00E-08,1.00E-08,124,244,,19,,DC,95.25,520°C 5.5 hours,99,70,"batch annealing, 275°C 2 hours",9.6,N/A,,,,,,,
AA5xxx Card - 043A.docx,AA5xxx,043A,1.00E-08,0.08,0.19,1.00E-08,0.5,2.86,1.00E-08,1.00E-08,1.00E-08,0.001,1.00E-08,1.00E-08,1.00E-08,100,228,20,24,,DC,95.25,520°C 5.5 hours,99,70,"batch annealing, 350°C 2 hours",19.1,N/A,,,,,,,
AA5xxx Card - 043B.docx,AA5xxx,043B,1.00E-08,0.08,0.19,1.00E-08,0.5,2.86,1.00E-08,1.00E-08,1.00E-08,0.001,1.00E-08,1.00E-08,1.00E-08,105,230,,25,,DC,95.25,520°C 5.5 hours,99,75,batch annealing 350°C 2 hours,18.4,N/A,,,,,,,
AA5xxx Card - 043C.docx,AA5xxx,043C,1.00E-08,0.08,0.19,1.00E-08,0.5,2.86,1.00E-08,1.00E-08,1.00E-08,0.001,1.00E-08,1.00E-08,1.00E-08,104,229,,25,,DC,95.25,520°C 5.5 hours,99,80,batch annealing 350°C 2 hours,18,N/A,,,,,,,
AA5xxx Card - 043D.docx,AA5xxx,043D,1.00E-08,0.08,0.19,1.00E-08,0.5,2.86,1.00E-08,1.00E-08,1.00E-08,0.001,1.00E-08,1.00E-08,1.00E-08,108,235,,24.5,,DC,95.25,520°C 5.5 hours,99,70,batch annealing 320°C 2 hours,16.5,N/A,,,,,,,
AA5xxx Card - 043E.docx,AA5xxx,043E,1.00E-08,0.08,0.19,1.00E-08,0.5,2.86,1.00E-08,1.00E-08,1.00E-08,0.001,1.00E-08,1.00E-08,1.00E-08,110,235,,24,,DC,95.25,520°C 5.5 hours,99,75,batch annealing 320°C 2 hours,13.9,N/A,,,,,,,
AA5xxx Card - 043F.docx,AA5xxx,043F,1.00E-08,0.08,0.19,1.00E-08,0.5,2.86,1.00E-08,1.00E-08,1.00E-08,0.001,1.00E-08,1.00E-08,1.00E-08,116.5,235,,23,,DC,95.25,520°C 5.5 hours,99,70,batch annealing 320°C 2 hours,10.5,N/A,,,,,,,
AA5xxx Card - 044A.docx,AA5xxx,044A,1.00E-08,0.07,0.19,1.00E-08,0.2,2.89,1.00E-08,1.00E-08,1.00E-08,0.001,1.00E-08,1.00E-08,1.00E-08,95,215.5,24.2,28,,DC,95.25,520°C 5.5 hours,99,70,"batch annealing, 350°C 2 hours",18.4,N/A,,,,,,,
AA5xxx Card - 044B.docx,AA5xxx,044B,1.00E-08,0.07,0.19,1.00E-08,0.2,2.89,1.00E-08,1.00E-08,1.00E-08,0.001,1.00E-08,1.00E-08,1.00E-08,97.5,227,,26.5,,DC,95.25,520°C 5.5 hours,99,75,"batch annealing, 350°C 2 hours",16.5,N/A,,,,,,,
AA5xxx Card - 044C.docx,AA5xxx,044C,1.00E-08,0.07,0.19,1.00E-08,0.2,2.89,1.00E-08,1.00E-08,1.00E-08,0.001,1.00E-08,1.00E-08,1.00E-08,100,225,,26.5,,DC,95.25,520°C 5.5 hours,99,75,"batch annealing, 350°C 2 hours",15.3,N/A,,,,,,,
AA5xxx Card - 044D.docx,AA5xxx,044D,1.00E-08,0.07,0.19,1.00E-08,0.2,2.89,1.00E-08,1.00E-08,1.00E-08,0.001,1.00E-08,1.00E-08,1.00E-08,105,223,,26,,DC,95.25,520°C 5.5 hours,99,70,"batch annealing, 320°C 2 hours",12.9,N/A,,,,,,,
AA5xxx Card - 044E.docx,AA5xxx,044E,1.00E-08,0.07,0.19,1.00E-08,0.2,2.89,1.00E-08,1.00E-08,1.00E-08,0.001,1.00E-08,1.00E-08,1.00E-08,108,225,,24.5,,DC,95.25,520°C 5.5 hours,99,80,"batch annealing, 320°C 2 hours",10,N/A,,,,,,,
AA5xxx Card - 045A.docx,AA5xxx,045A,1.00E-08,0.08,0.19,1.00E-08,0.003,2.87,1.00E-08,1.00E-08,1.00E-08,0.001,1.00E-08,1.00E-08,1.00E-08,81,221,,22.5,,DC,95.25,520°C 5.5 hours,99,70,"batch annealing, 375°C 2 hours",23.1,N/A,,,,,,,
AA5xxx Card - 045B.docx,AA5xxx,045B,1.00E-08,0.08,0.19,1.00E-08,0.003,2.87,1.00E-08,1.00E-08,1.00E-08,0.001,1.00E-08,1.00E-08,1.00E-08,83,210,,22,,DC,95.25,520°C 5.5 hours,99,70,"batch annealing, 265°C 2 hours",21.6,N/A,,,,,,,
AA5xxx Card - 045C.docx,AA5xxx,045C,1.00E-08,0.08,0.19,1.00E-08,0.003,2.87,1.00E-08,1.00E-08,1.00E-08,0.001,1.00E-08,1.00E-08,1.00E-08,86,213,,,,DC,95.25,520°C 5.5 hours,99,70,"batch annealing, 265°C 2 hours",19.2,N/A,,,,,,,
AA5xxx Card - 045D.docx,AA5xxx,045D,1.00E-08,0.08,0.19,1.00E-08,0.003,2.87,1.00E-08,1.00E-08,1.00E-08,0.001,1.00E-08,1.00E-08,1.00E-08,85,210,,20,,DC,95.25,520°C 5.5 hours,99,70,"batch annealing, 265°C 2 hours",19.1,N/A,,,,,,,
AA5xxx Card - 045E.docx,AA5xxx,045E,1.00E-08,0.08,0.19,1.00E-08,0.003,2.87,1.00E-08,1.00E-08,1.00E-08,0.001,1.00E-08,1.00E-08,1.00E-08,87,212,,21,,DC,95.25,520°C 5.5 hours,99,70,"batch annealing, 350°C 2 hours",17.7,N/A,,,,,,,
AA5xxx Card - 045F.docx,AA5xxx,045F,1.00E-08,0.08,0.19,1.00E-08,0.003,2.87,1.00E-08,1.00E-08,1.00E-08,0.001,1.00E-08,1.00E-08,1.00E-08,89,205,22.5,28.5,,DC,95.25,520°C 5.5 hours,99,70,"batch annealing, 350°C 2 hours",16.1,N/A,,,,,,,
AA5xxx Card - 046A.docx,AA5xxx,046A,1.00E-08,0.11,1.12,0.19,1.00E-08,4.56,0.04,1.00E-08,0.01,0.01,1.00E-08,1.00E-08,1.00E-08,124,268,,25,,mould casting,76.2,520°C 5.5 hours,95,60,"flash annealing, 450°C 2 minutes",29,N/A,,,,,,,
AA5xxx Card - 046B.docx,AA5xxx,046B,1.00E-08,0.07,0.1,1.00E-08,0.02,5.6,0.04,1.00E-08,1.00E-08,0.01,1.00E-08,1.00E-08,1.00E-08,125,276,,26,,mould casting,76.2,520°C 5.5 hours,95,60,"flash annealing, 450°C 2 minutes",35,N/A,,,,,,,
AA5xxx Card - 046C.docx,AA5xxx,046C,1.00E-08,0.09,0.08,0.001,0.008,6.1,0.008,1.00E-08,0.002,0.01,1.00E-08,1.00E-08,1.00E-08,126,287,,26,,mould casting,76.2,520°C 5.5 hours,95,60,"flash annealing, 450°C 2 minutes",37,N/A,,,,,,,
AA5xxx Card - 046D.docx,AA5xxx,046D,1.00E-08,0.09,0.08,0.001,0.007,7.19,0.009,1.00E-08,0.002,0.01,1.00E-08,1.00E-08,1.00E-08,140,310,,26,,mould casting,76.2,520°C 5.5 hours,95,60,"flash annealing, 450°C 2 minutes",46,N/A,,,,,,,
AA5xxx Card - 047A.docx,AA5xxx,047A,1.00E-08,0.03,0.13,1.00E-08,1.00E-08,1.00E-08,1.00E-08,1.00E-08,1.00E-08,0.02,1.00E-08,1.00E-08,1.00E-08,22,65,,29,0,strip casting,4,500°C 1 hour,0,75,"flash annealing, 450°C 1 hour",250,N/A,,,,,,,
AA5xxx Card - 047B.docx,AA5xxx,047B,1.00E-08,0.03,0.13,1.00E-08,1.00E-08,3.1,1.00E-08,1.00E-08,1.00E-08,0.02,1.00E-08,1.00E-08,1.00E-08,70,200,,25,0.7,strip casting,4,500°C 1 hour,0,75,"flash annealing, 450°C 1 hour",26.4,N/A,,,,,,,
AA5xxx Card - 047C.docx,AA5xxx,047C,1.00E-08,0.03,0.13,1.00E-08,1.00E-08,5.1,1.00E-08,1.00E-08,1.00E-08,0.02,1.00E-08,1.00E-08,1.00E-08,115,275,,29,1,strip casting,4,500°C 1 hour,0,75,"flash annealing, 450°C 1 hour",24.4,N/A,,,,,,,
AA5xxx Card - 047D.docx,AA5xxx,047D,1.00E-08,0.04,0.12,1.00E-08,1.00E-08,7.3,1.00E-08,1.00E-08,1.00E-08,0.02,1.00E-08,1.00E-08,1.00E-08,138,325,,30,1.1,strip casting,4,500°C 1 hour,0,75,"flash annealing, 450°C 1 hour",17.4,N/A,,,,,,,
AA5xxx Card - 047E.docx,AA5xxx,047E,1.00E-08,0.03,0.12,1.00E-08,1.00E-08,10.2,1.00E-08,1.00E-08,1.00E-08,0.02,1.00E-08,1.00E-08,1.00E-08,170,385,,34,0.1,strip casting,4,500°C 1 hour,0,75,"flash annealing, 450°C 1 hour",17,N/A,,,,,,,
AA5xxx Card - 048A.docx,AA5xxx,048A,1.00E-08,0.15,0.3,1.00E-08,1.00E-08,0.85,1.00E-08,1.00E-08,1.00E-08,0.001,1.00E-08,1.00E-08,1.00E-08,46,145,,23,0,DC,635,520°C 5 hours,99.2,72,"batch annealing, 350°C 2 hours",61,N/A,,,,,,,
AA5xxx Card - 049A.docx,AA5xxx,049A,1.00E-08,0.19,0.16,0.09,0.28,1.39,1.00E-08,1.00E-08,1.00E-08,0.005,1.00E-08,1.00E-08,1.00E-08,89.5,182,,22.3,0,DC,635,520°C > 5 hours,96.5,60,"Batch annealing, 550°C 8 hours",108,N/A,,,,,,,
AA5xxx Card - 049B.docx,AA5xxx,049B,1.00E-08,0.23,0.2,0.07,0.59,3.71,0.06,1.00E-08,0.02,0.01,1.00E-08,1.00E-08,1.00E-08,177.9,324.4,,22.9,0,DC,635,520°C > 5 hours,96.5,56,"Batch annealing, 550°C 8 hours",106,N/A,,,,,,,
AA5xxx Card - 050A.docx,AA5xxx,050A,1.00E-08,0.068,0.32,1.00E-08,0.067,2.55,1.00E-08,1.00E-08,1.00E-08,0.001,1.00E-08,1.00E-08,1.00E-08,76,180,,23,0,DC,635,520°C 5 hours,99.2,72,"batch annealing, 350°C 2 hours",32.5,N/A,,,,,,,
AA5xxx Card - 050B.docx,AA5xxx,050B,1.00E-08,0.068,0.32,1.00E-08,0.067,2.55,1.00E-08,1.00E-08,1.00E-08,0.001,1.00E-08,1.00E-08,1.00E-08,78,185,,24,0.2,DC,635,520°C 5 hours,99.2,72,"batch annealing, 350°C 2 hours",27.5,N/A,,,,,,,
AA5xxx Card - 050C.docx,AA5xxx,050C,1.00E-08,0.068,0.32,1.00E-08,0.067,2.55,1.00E-08,1.00E-08,1.00E-08,0.001,1.00E-08,1.00E-08,1.00E-08,81,185,,24,0.5,DC,635,520°C 5 hours,99.2,75,"batch annealing, 325°C 2 hours",22.7,N/A,,,,,,,
AA5xxx Card - 050D.docx,AA5xxx,050D,1.00E-08,0.068,0.32,1.00E-08,0.067,2.55,1.00E-08,1.00E-08,1.00E-08,0.001,1.00E-08,1.00E-08,1.00E-08,94,,195,22,0.9,DC,635,520°C 5 hours,99.2,80,"batch annealing, 325°C 2 hours",13.8,N/A,,,,,,,
AA5xxx Card - 050E.docx,AA5xxx,050E,1.00E-08,0.068,0.32,1.00E-08,0.067,2.55,1.00E-08,1.00E-08,1.00E-08,0.001,1.00E-08,1.00E-08,1.00E-08,100,198,,22,1.1,DC,635,520°C 5 hours,99.2,85,"batch annealing, 325°C 2 hours",13,N/A,,,,,,,
AA5xxx Card - 051A.docx,AA5xxx,051A,1.00E-08,0.06,0.2,1.00E-08,0.26,3,1.00E-08,1.00E-08,1.00E-08,0.001,1.00E-08,1.00E-08,1.00E-08,79,170,,27,0,DC,635,520°C 5 hours,99.2,50,"batch annealing, 450°C 2 hours",57,N/A,,,,,,,
AA5xxx Card - 051B.docx,AA5xxx,051B,1.00E-08,0.06,0.2,1.00E-08,0.26,3,1.00E-08,1.00E-08,1.00E-08,0.001,1.00E-08,1.00E-08,1.00E-08,88,190,,26.5,0.24,DC,635,520°C 5 hours,99.2,50,"batch annealing, 400°C 2 hours",33,N/A,,,,,,,
AA5xxx Card - 051C.docx,AA5xxx,051C,1.00E-08,0.06,0.2,1.00E-08,0.26,3,1.00E-08,1.00E-08,1.00E-08,0.001,1.00E-08,1.00E-08,1.00E-08,92,215,,26,0.52,DC,635,520°C 5 hours,99.2,50,"batch annealing, 350°C 2 hours",27.7,N/A,,,,,,,
AA5xxx Card - 051D.docx,AA5xxx,051D,1.00E-08,0.06,0.2,1.00E-08,0.26,3,1.00E-08,1.00E-08,1.00E-08,0.001,1.00E-08,1.00E-08,1.00E-08,116,235,,26,1.25,DC,635,520°C 5 hours,99.2,72,"batch annealing, 350°C 2 hours",13.5,N/A,,,,,,,
AA5xxx Card - 052A.docx,AA5xxx,052A,1.00E-08,0.04,0.23,1.00E-08,0.002,4.76,1.00E-08,1.00E-08,1.00E-08,0.001,1.00E-08,1.00E-08,1.00E-08,110,235,,27,0.65,DC,635,520°C 5 hours,99.2,50,"batch annealing, 350°C 2 hours",31.5,N/A,,,,,,,
AA5xxx Card - 052B.docx,AA5xxx,052B,1.00E-08,0.04,0.23,1.00E-08,0.002,4.76,1.00E-08,1.00E-08,1.00E-08,0.001,1.00E-08,1.00E-08,1.00E-08,118,245,,25,0.8,DC,635,520°C 5 hours,99.2,65,"batch annealing, 350°C 2 hours",22,N/A,,,,,,,
AA5xxx Card - 052C.docx,AA5xxx,052C,1.00E-08,0.04,0.23,1.00E-08,0.002,4.76,1.00E-08,1.00E-08,1.00E-08,0.001,1.00E-08,1.00E-08,1.00E-08,119,240,,25,1.05,DC,635,520°C 5 hours,99.2,70,"batch annealing, 350°C 2 hours",20,N/A,,,,,,,
AA5xxx Card - 052D.docx,AA5xxx,052D,1.00E-08,0.04,0.23,1.00E-08,0.002,4.76,1.00E-08,1.00E-08,1.00E-08,0.001,1.00E-08,1.00E-08,1.00E-08,125,255,,25,1.2,DC,635,520°C 5 hours,99.2,72,"batch annealing, 350°C 2 hours",16,N/A,,,,,,,
AA5xxx Card - 053A.docx,AA5xxx,053A,1.00E-08,0.06,0.2,1.00E-08,0.2,4.76,1.00E-08,1.00E-08,1.00E-08,0.001,1.00E-08,1.00E-08,1.00E-08,120,250,,26,0.25,DC,635,520°C 5 hours,99.2,50,"batch annealing, 350°C 2 hours",30,N/A,,,,,,,
AA5xxx Card - 053B.docx,AA5xxx,053B,1.00E-08,0.06,0.2,1.00E-08,0.2,4.76,1.00E-08,1.00E-08,1.00E-08,0.001,1.00E-08,1.00E-08,1.00E-08,137,280,,22,1.15,DC,635,520°C 5 hours,99.2,65,"batch annealing, 350°C 2 hours",16.5,N/A,,,,,,,
AA5xxx Card - 053C.docx,AA5xxx,053C,1.00E-08,0.06,0.2,1.00E-08,0.2,4.76,1.00E-08,1.00E-08,1.00E-08,0.001,1.00E-08,1.00E-08,1.00E-08,142,290,,22,1.25,DC,635,520°C 5 hours,99.2,70,"batch annealing, 350°C 2 hours",12.5,N/A,,,,,,,
AA5xxx Card - 053D.docx,AA5xxx,053D,1.00E-08,0.06,0.2,1.00E-08,0.2,4.76,1.00E-08,1.00E-08,1.00E-08,0.001,1.00E-08,1.00E-08,1.00E-08,150,305,,22,1.4,DC,635,520°C 5 hours,99.2,72,"batch annealing, 350°C 2 hours",10.5,N/A,,,,,,,
AA5xxx Card - 054A.docx,AA5xxx,054A,1.00E-08,0.11,0.21,1.00E-08,0.27,4.55,1.00E-08,1.00E-08,1.00E-08,0.001,1.00E-08,1.00E-08,1.00E-08,106,264.8,,24.6,0.8,DC,635,520°C > 5 hours,95.8,0,no,50,N/A,,,,,,,
AA5xxx Card - 054B.docx,AA5xxx,054B,1.00E-08,0.04,0.18,1.00E-08,1.00E-08,0.48,1.00E-08,1.00E-08,1.00E-08,0.001,1.00E-08,1.00E-08,1.00E-08,25,90.7,,32.3,0,DC,20,550°C 6 hours,0,0,no,86,N/A,,,,,,,
AA5xxx Card - 054C.docx,AA5xxx,054C,1.00E-08,0.06,0.19,1.00E-08,1.00E-08,1.01,1.00E-08,1.00E-08,1.00E-08,0.001,1.00E-08,1.00E-08,1.00E-08,35,116,,30.3,0,DC,20,550°C 6 hours,0,0,no,79,N/A,,,,,,,
AA5xxx Card - 054D.docx,AA5xxx,054D,1.00E-08,0.06,0.2,1.00E-08,1.00E-08,2.93,1.00E-08,1.00E-08,1.00E-08,0.001,1.00E-08,1.00E-08,1.00E-08,63,187,,25,0,DC,20,550°C 6 hours,0,0,no,68,N/A,,,,,,,
AA5xxx Card - 055A.docx,AA5xxx,055A,1.00E-08,0.05,0.28,0.01,0.29,2.89,1.00E-08,1.00E-08,0.01,0.007,1.00E-08,1.00E-08,1.00E-08,107,224,21.9,25.3,1.2,steel mould (~0.4°C/sec),63.5,540°C > 5 hours,86.5,68.3,350°C 2 hours,29.3,yes,,,,,,,
AA5xxx Card - 055B.docx,AA5xxx,055B,1.00E-08,0.05,0.51,0.01,0.25,3.11,1.00E-08,1.00E-08,0.01,0.005,1.00E-08,1.00E-08,1.00E-08,121,241,21.4,23.3,1.2,steel mould (~0.4°C/sec),63.5,540°C > 5 hours,86.5,68.3,350°C 2 hours,23.2,yes,,,,,,,
AA5xxx Card - 055C.docx,AA5xxx,055C,1.00E-08,0.05,0.73,0.01,0.23,3.06,1.00E-08,1.00E-08,0.01,0.004,1.00E-08,1.00E-08,1.00E-08,122,243,20.8,24.3,1.2,steel mould (~0.4°C/sec),63.5,540°C > 5 hours,86.5,68.3,350°C 2 hours,14.4,yes,,,,,,,
AA5xxx Card - 055D.docx,AA5xxx,055D,1.00E-08,0.05,1,0.01,0.23,3.03,1.00E-08,1.00E-08,0.01,0.007,1.00E-08,1.00E-08,1.00E-08,127,247,19.4,21.3,1.4,steel mould (~0.4°C/sec),63.5,540°C > 5 hours,86.5,68.3,350°C 2 hours,11.4,yes,,,,,,,
AA5xxx Card - 055E.docx,AA5xxx,055E,1.00E-08,0.05,0.05,0.26,0.25,3.03,1.00E-08,1.00E-08,0.01,0.003,1.00E-08,1.00E-08,1.00E-08,102,232,21.1,27.3,1,steel mould (~0.4°C/sec),63.5,540°C > 5 hours,86.5,68.3,350°C 2 hours,31,yes,,,,,,,
AA5xxx Card - 055F.docx,AA5xxx,055F,1.00E-08,0.05,0.05,0.49,0.25,2.97,1.00E-08,1.00E-08,0.01,0.003,1.00E-08,1.00E-08,1.00E-08,101,234,18.5,25,1,steel mould (~0.4°C/sec),63.5,540°C > 5 hours,86.5,68.3,350°C 2 hours,31.5,yes,,,,,,,
AA5xxx Card - 055G.docx,AA5xxx,055G,1.00E-08,0.05,0.05,0.74,0.25,3.09,1.00E-08,1.00E-08,0.01,0.003,1.00E-08,1.00E-08,1.00E-08,104,239,18.6,24,1,steel mould (~0.4°C/sec),63.5,540°C > 5 hours,86.5,68.3,350°C 2 hours,33.1,yes,,,,,,,
AA5xxx Card - 055H.docx,AA5xxx,055H,1.00E-08,0.05,0.05,1.02,0.25,3.06,1.00E-08,1.00E-08,0.01,0.003,1.00E-08,1.00E-08,1.00E-08,105,245,17,20.7,0.8,steel mould (~0.4°C/sec),63.5,540°C > 5 hours,86.5,68.3,350°C 2 hours,36.5,yes,,,,,,,
AA5xxx Card - 055I.docx,AA5xxx,055I,1.00E-08,0.26,0.05,0.01,0.25,2.85,1.00E-08,1.00E-08,0.01,0.003,1.00E-08,1.00E-08,1.00E-08,104,222,22.5,26.3,1.3,steel mould (~0.4°C/sec),63.5,540°C > 5 hours,86.5,68.3,350°C 2 hours,20.5,yes,,,,,,,
AA5xxx Card - 055J.docx,AA5xxx,055J,1.00E-08,0.5,0.05,0.01,0.25,2.97,1.00E-08,1.00E-08,0.01,0.003,1.00E-08,1.00E-08,1.00E-08,100,207,20.8,23.7,1.3,steel mould (~0.4°C/sec),63.5,540°C > 5 hours,86.5,68.3,350°C 2 hours,19,yes,,,,,,,
AA5xxx Card - 055K.docx,AA5xxx,055K,1.00E-08,0.74,0.05,0.01,0.25,2.96,1.00E-08,1.00E-08,0.01,0.003,1.00E-08,1.00E-08,1.00E-08,95,196,20.3,23.7,1.4,steel mould (~0.4°C/sec),63.5,540°C > 5 hours,86.5,68.3,350°C 2 hours,18.3,yes,,,,,,,
AA5xxx Card - 055L.docx,AA5xxx,055L,1.00E-08,1.01,0.05,0.01,0.24,3.01,1.00E-08,1.00E-08,0.01,0.003,1.00E-08,1.00E-08,1.00E-08,81,171,20.3,25,1.2,steel mould (~0.4°C/sec),63.5,540°C > 5 hours,86.5,68.3,350°C 2 hours,16.7,yes,,,,,,,
AA5xxx Card - 055M.docx,AA5xxx,055M,1.00E-08,0.05,0.05,0.01,0.25,3.08,1.00E-08,1.00E-08,0.26,0.003,1.00E-08,1.00E-08,1.00E-08,102,225,23.9,29,1,steel mould (~0.4°C/sec),63.5,540°C > 5 hours,86.5,68.3,350°C 2 hours,49.1,yes,,,,,,,
AA5xxx Card - 055N.docx,AA5xxx,055N,1.00E-08,0.05,0.05,0.01,0.24,3.03,1.00E-08,1.00E-08,0.54,0.003,1.00E-08,1.00E-08,1.00E-08,101,226,22.8,26.7,1.3,steel mould (~0.4°C/sec),63.5,540°C > 5 hours,86.5,68.3,350°C 2 hours,48.8,yes,,,,,,,
AA5xxx Card - 055O.docx,AA5xxx,055O,1.00E-08,0.05,0.05,0.01,0.25,3.02,1.00E-08,1.00E-08,0.78,0.003,1.00E-08,1.00E-08,1.00E-08,100,228,21.5,25.7,1.1,steel mould (~0.4°C/sec),63.5,540°C > 5 hours,86.5,68.3,350°C 2 hours,48.2,yes,,,,,,,
AA5xxx Card - 055P.docx,AA5xxx,055P,1.00E-08,0.05,0.05,0.01,0.24,3.01,1.00E-08,1.00E-08,1.02,0.003,1.00E-08,1.00E-08,1.00E-08,99,230,20.7,24.3,1.1,steel mould (~0.4°C/sec),63.5,540°C > 5 hours,86.5,68.3,350°C 2 hours,51.6,yes,,,,,,,
